AIM REFENCE NUMBER ,DELIVERY LOCATION,CONTAINER ,ETA,VESSEL,DELIVERY DATE,CUSTOMER,DRIVER,Margin
,,,,,,,,
M103161,"STOCKBRIDGE, GA",TCLU6453996,6/14,CMA MOLIERE,6/18 @ 9:00,IFF,MPS,-$142.50
M103203,"STOCKBRIDGE, GA",CMAU9426157,6/20,CMA LAMARTINE,6/24 @ 9:00,IFF,MPS,$182.50
M103167,"MYRTLE BEACH, SC",BMOU5214244,6/20,CMA LAMARTINE,6/26 @ 8:30 ,IFF,BOBS- AIM,$68.93
M103166,"MYRTLE BEACH, SC",EGSU9471944,7/2,CMA FRANCOISE,7-3- PICK AND RUN,IFF,BOBS- AIM,$56.61
M103171,"MYRTLE BEACH, SC",EITU1694234,7/2 (LFD- 7/10),CMA FRANCOISE,7-8 @ 8:30,IFF,BOBS- AIM,$55.09
M103191,"IUKA, MS - DIVERSION- RELOAD!!",TLLU4917709 (reload),7/2 (LFD- 7/8),DELAWARE EXPRESS,7-8@ 00:00,IFF,PARLA,$82.50
M103172,"MYRTLE BEACH, SC",TCLU6330902,7/2,CMA FRANCOISE,7-9 @ 8:30 ,IFF,BOBS- AIM,$68.93
M103223,"STOCKBRIDGE, GA",SEKU5632138- (OW),7/2,CMA FRANCOISE,7-9 @ 11:00,IFF,MP TRUCKING,$81.25
M103241,"STOCKBRIDGE, GA",TRHU6715525,7/7,OOCL BREMERHAVEN,7-10 @ 9:00,IFF,MP TRUCKING,-$103.75
M103334,"NORTH CHARLESTON, SC",YMMU6735941,7/9/2024 (LFD- 7/11),HUDSON EXPRESS,7/12 @ 11am ,IFF,AIM,$125
M103201,"IUKA, MS ",FFAU3629216,7/9/2024 (LFD- 7/13),HUDSON EXPRESS,7/12 @ 00:00,IFF,CLARDY,-$47.50
M103200,"IUKA,MS",TLLU5615302,7/9/2024,HUDSON EXPRESS,7/15 @ 00:00,IFF,CLARDY,-$107.50
M103340,"ARDEN,NC",BMOU6086955 ,7/14/2024 (LFD- 7/17),ZIM MT ELBRUS,7/17 @ 9AM,GDE,MAC- AIM,$107.75
M103296,"MT STERLING, KY",BSIU3325753 (20FT),7/9/2024,HUDSON EXPRESS,7/16 @ 10:00 AM,IFF,CLARDY,$105
M103342,"GREER, SC",BMOU5947149,7/14/2024  (LFD- 7/18),MAERSK TANJONG,7/18 @ 9AM,GDE,MP TRUCKING- DERRICK,$151.70
M103339,"ARDEN, NC",ZIMU2768949 ,7/14/2024  (LFD- 7/18),ZIM MT ELBRUS,7/18 @ 10AM,GDE,MAC- AIM,$165.25
M103301,"STOCKBRIDGE, GA",TLLU4253960,7/16,BRUSSELS,7/18 @ 9AM,IFF,MP TRUCKING- TERRY,-$3.75
M103155,"GREER, SC",BHCU3146040,7/14/2024  (LFD- 7/18),ZIM MT ELBRUS,7/19 @ 8:00 AM,GDE,MP TRUCKING - TERRY,$51.70
M103355,"MYRTLE BEACH, SC",TEMU5562686 (20FT),7/16,POTAMIC EXPRESS,7/19 @ 8:30 AM,IFF,MAC- AIM,$121.25
M103157,"GREER,SC",ZCSU6557040,7/14/2024  (LFD- 7/18),ZIM MT ELBRUS,7/19 @ 9:00 AM,GDE,MP TRUCKING- DERRICK,$191.70
B103459,"NORTH CHARLESTON, SC",YMMU6510586,7/16,POTAMIC EXPRESS,7/22 @ 9:00,IFF,MP TRUCKING- TERRY,$60
B103460,"NORTH CHARLESTON, SC",EISU9131378,7/19,OOCL SEOUL,7/22 @ 11:00,IFF,MP TRUCKING- TERRY,$60
B103449,"IUKA, MS",CAIU9196935,7/16/2024 (LFD- 7/21),POTAMIC EXPRESS,7-19 @ 00:00,IFF,CLARDY,-$47.50
B103458,"IUKA, MS",TRHU6204778,7/16/2024 (LFD- 7/21),POTAMIC EXPRESS,7-22 @ 00:00,IFF,CLARDY,-$7.50
B103491,"CARY, NC",EXPORT: YHU24887780 (20FT),C/O 7-26,MISSOURI EXPRESS,7-23@10:00,IFF,MP TRUCKING,$162.25
M103377,"WILMINGTON ,NC ",TCLU7817860,ON YARD,POTAMIC EXPRESS,7-23 @ 9:00 ,CAR,JEFF- AIM,$83.75
B103507,"ARDEN, NC",TCNU4248583,7/23/2024 (LFD 7-26),ZIM MT BLANC,7-25@ 8:00,GDE,MP TRUCKING,$218.75
M103357,"IUKA, MS",KKFU7791616,7/23,COLORADO EXPRESS,7-26 @ 00:00,IFF,MAC- AIM,$352.50
B103505,"IUKA, MS",TRHU8280714,7/23,COLORADO EXPRESS,7-26 @ 00:00,IFF,CLARDY,-$47.50
M103428,"STOCKBRIDGE, GA",SEKU4517870,7/24,BUXCLIFF,7-29 @ 9:00,IFF,MAC-  AIM,$211.25
M103222,"FOUNTAIN INN, SC",UETU5248917 (LFD 7-28- PRE PULL),7/23,COLORADO EXPRESS,7-29 @ 13:00,IFF,MP TRUCKING,$272.50
M103427,"STOCKBRIDGE, GA",BEAU5639624 (OW),7/24,BUXCLIFF,7-30 @ 9:00,IFF,MAC- AIM ,$221.25
M103429,"MT STERLING, KY- *HAZ*",LYGU8078203 - (HAZ),7/23,COLORADO EXPRESS,8-1 @ 9:00,IFF,MP TRUCKING - $2500,$307.50
M103343,"GREER, SC ",TCNU4566183 (LFD 8-1),7/27,ZIM MT FUJI,8-2 @ 10:00 ,GDE,MP TRUCKING- $915,$69.20
M103162,"RUTHERFORD COLLEGE, NC",CAAU6431200 (LFD 7-31),7/26,MAERSK PITTSBURGH,8-2 @ 11:00,IFF,CLARDY- $1200,$77.50
M103432,"IUKA, MS",NYKU4876557 (LFD 8-4),7/30,MISSOURI EXPRESS,8-2 @ 00:00,IFF,MAC- AIM- $2400,$352.50
M103433,"IUKA,MS",TGBU4572801 (LFD 8-4),7/30,MISSOURI EXPRESS,8-5 @ 00:00,IFF,MAC- AIM- $2400,$392.50
M103534,"ARDEN, NC",TCNU3246626 (HAZ) (LFD 8-4),7/30,MISSOURI EXPRESS,8-6 @ 8:00 ,GDE,MP TRUCKING - $1200,$260
M103548,"ARDEN, NC",GESU6145290 (LFD 8-3),7/30,MISSOURI EXPRESS,8-6 @ 8:00,GDE,CLARDY,
M103549,"ARDEN, NC",FANU3369494 (LFD 8-3),7/30,MISSOURI EXPRESS,8-6 @ 10:00,GDE,CLARDY,
E103587,"LADSON, SC",BOOKING 65297297,C/O 8-9,HUDSON EXPRESS,8-7 @ 10:00,IFF,MP TRUCKING- $250,$261.25
B103595,"RUTHERFORD COLLEGE,NC",KOCU4749591 (OW) (LFD- 8/8),8/4,ONE DETERMINATION,8-8 @ 11:00,IFF,CLARDY,
M103494,"STOCKBRIDGE, GA",TCLU5980879 (OW),8/2,CMA CGM MOLIERE,8-7 @ 9:00 ,IFF,MAC- AIM,$261.25
M193462,"IUKA, MS",FFAU1863713,8/9,DELAWARE EXPRESS,8-12,IFF,MAC- AIM,$432.50
B103512,"IUKA, MS RELOAD ",BOOKING- RICECS196400,FFAU1863713,POTAMIC EXPRESS,8-12,IFF,MAC - AIM,
B103605,"IUKA,MS",TCLU9903192,8/9,DELAWARE EXPRESS,8-12,IFF,CLARDY,
M103493,"MYRTLE BEACH, SC",EGHU9828600 (LFD: 8-16),8/10,CMA CGM LAMARTINE,8-14 @ 8:30,IFF,AIM,$121.25
M103516,"STOCKBRIDGE, GA",APHU7070726,8/10,CMA CGM LAMARTINE,8-14 @ 9:00,IFF,MAC- AIM,$171.25
B103660,"GREER, SC",ZCSU7092539 (LFD 8-21),8/15,ZIM CANADA,8-16 @ 8:00,GDE,MP TRUCKING,
B103628,"IUKA, MS",FDCU0532620,8/13,HUDSON EXPRESS,8-16,IFF,CLARDY,
M103515,"IUKA, MS",FCIU9388010,8/13,HUDSON EXPRESS,8-16,IFF,MAC,$392.50
M103503,"NORTH CHARLESTON, SC",TRHU6567367,8/10,CMA CGM LAMARTINE,8-19@ 8:00,IFF,MP TRUCKING,
M103588,"CASHIERS, NC",FCIU4918720 (LFD: 8-16),8/10,CMA CGM LAMARTINE,8-19 @ 8:00 ,IFF,MAC AIM,$254.75
M103590,"IUKA, MS",TGBU9736981,8/19,POTAMIC EXPRESS,8-21,IFF,CURTIS AIM,$312.50
M103591,"IUKA, MS",TGBU4495916,8/19,POTAMIC EXPRESS,8-21,IFF,MAC AIM,$352.50
M103589,"ATLANTA, GA",SEKU6403028,8/19,POTAMIC EXPRESS,8-22 @ 3:00,IFF,CURTIS AIM,$211.25
M103644,"GREER, SC",ZCSU6594276 (LFD 8-22),8/19,GERDA MAERSK,8-23@ 11:00,GDE,MAC AIM,$164
E103727,"THOMSON, GA",BOOKING- 2742647960- OOLU9398382,C/O: 8-27,OOCL CHONGQING,8-26 @ 9:00,HORIZON,CLARDY - $950,
M103648,"STOCKBRIDGE, GA",TCKU6385050,8/24,CMA CGM FRANCOISE SAGAN,8-27 @ 9:00,IFF,MAC AIM,$171.25
M103543,"MT. STERLING, KY ",HLBU1146170 (HAZ) **ON HOLD PER IFF**,8/13,HUDSON EXPRESS,8-26 @ 9:00,IFF,CURTIS AIM,$537.50
M103707,"MYRTLE BEACH, SC",EMCU8545426 (LFD 8-30),8/24,CMA CGM FRANCOISE,8-28 @ 8:30,IFF,MAC AIM,$121.50
M103646,"GREER, SC",ZCSU8849313,8/25,ZIM MOUNT KILIMANJARO,8-28 @ 8:30 ,GDE,CURTIS AIM,$124
M103706,"MYRTLE BEACH,SC",EGHU8462380 (LFD 8-30),8/24,CMA CGM FRANCOISE,8-29 @ 8:30,IFF,MAC AIM,$121.25
M103649,"IUKA, MS",TRHU7754676 ,8/27,COLORADO EXPRESS,8-29 @ 00:00,IFF,CURTIS AIM,$230
M103650,"IUKA, MS",TRHU4993569,8/27,COLORADO EXPRESS,8-30 @ 00:00,IFF,MAC AIM,$352.50
M103747,"ANDERSON, SC",BEAU5996534,8/27,COLORADO EXPRESS,8-30 @ 9:00,GDE,CURT AIM,$70
M103758,"ANDERSON, SC",UACU6037344 (LFD 8-31-PRE PULL),8/27,COLORADO EXPRESS,9-3 @ 9:00,GDE,CURT AIM,$230
B103786,"GREER, SC",FCIU4992901 (20FT- LFD 9-3),8/28,HMM AMETHYST,9-4@ 8:00,GDE,MP TRUCKING,
M103746,"STOCKBRIDGE, GA",TGHU6379239,8/30,OOCL BREMERHAVEN,9-4 @ 9:00 ,IFF,MAC AIM,$171.25
M103599,"MORGANTON, NC",TEMU1381550 (HAZ/OW 20FT),8/30,DORTMUND EXPRESS,9-4 @ 7:00,IFF,CURT AIM,$306.25
M103780,"ANDERSON, SC",UETU5867737,9/1,CMA CGM SYMI,9-5 @ 9:00,GDE,MAC AIM,$150
M103651,"DULUTH, GA",HLBU1713675- LFD: 9-7,9/3,MISSOURI EXPRESS,9-5 @ 9:00,IFF,CURT AIM,$171.25
M103592,"DULUTH, GA",UETU5137214 ,9/3,MISSOURI EXPRESS,9-6 @ 9:00,IFF,MAC AIM,$171.25
M103769,"LADSON, SC",YMLU8850534   ,9/3,MISSOURI EXPRESS,9-6 @ 10am,IFF,BOBS AIM,$60
M103777,"MIDLAND, NC",UASU1004355,9/3,MISSOURI EXPRESS,9-6 @ 8:00,GDE,CURT AIM,$140
M103647,"GREER, SC",ZCSU7872880,9/6,ZIM MT OLYMPUS,9-9 @ 11:00,GDE,CURT AIM,$204
M103593,"ATHENS, GA",SEKU6926158,9/1,GS LALO,9-9 @ 9:00,IFF,MAC AIM,$217.50
M103804,"ANDERSON, SC",MSNU7269970,9/5,MSC MUNDRA,9-10 @  9:00,GDE,MAC AIM ,$150
E103892,"INMAN, SC",BOOKING- 2746697510,C/O: TBA,LOAD ON APL FLORIDA,9-17 @ 9:00,HORIZON,MAC- AIM,$415
E103825,"GREENSBORO, NC",BOOKING- 66303453 **20FT**,C/O: 9/20,LOAD ON POTAMIC EXPRESS,9-17 @ 9:00,IFF,CURT- AIM,$211.25
M103790,"IUKA, MS",TRHU7354812,9/18,HUDSON EXPRESS,9-19 @ 00:00,IFF,CURT- AIM,$352.50
M103788,"IUKA, MS",TLLU5554212- DIVERSION BOX,C/O: 9-20,HUDSON EXPRESS,9-19 @ 00:00,IFF,MAC- AIM,
B103891,"IUKA, MS **RELOAD BOX**",BKG: RICEHM005600- TLLU5554212,C/O: 9-20,LOAD ON POTAMIC EXPRESS,9-19-2024 @ 6:00,IFF,MAC- AIM,$353.50
M103826,"NORTH CHARLESTON, SC",TEMU8789400,9/18,HUDSON EXPRESS,9-20 @ 9:00 ,IFF,MAC- AIM,
M103791,"GREENVILLE, SC",TCKU4853954- (40FT- OW),9/17,JEBEL ALI,9-20 @ 10:00,GDE,CURT- AIM,$93.75
B103934,"IUKA, MS",BEAU5283750,9/18,HUDSON EXPRESS,9-20 @ 00:00,IFF,PARLA TRANSPORT,
M103751,"DULUTH, GA",CAIU4221254,9/18,HUDSON EXPRESS,9-23 @ 9:00,IFF,MAC- AIM,$251.25
M103781,"ARCHDALE, NC",SEGU4559866,9/18,HUDSON EXPRESS,9-23 @ 8:00,IFF,,
M103844,"STOCKBRIDGE, GA",MAGU5351070,9/19,CMA CGM MOLIERE,9-24 @ 9:00 ,IFF,CURTIS- AIM,$221.25
M103805,"NORTH CHARLESTON, SC (HILLS)",MSDU8485470,9/23,HERMANN SCHULTE,9-24 @ 00:00,IFF,MAC- AIM,$60
M103787,"NORTH CHARLESTON, SC (HILLS)",CAAU7329189,9/23,HERMANN SCHULTE,9-24 @ 00:00,IFF,MAC- AIM,$60
M103956,"ANDERSON, SC",MSNU7261135,9/21,MSC SILVANA,9-25 @ 9:00,,CURTIS- AIM,$70
M103831,"IUKA, MS",NYKU4741206,9/24,POTAMIC EXPRESS,9-26 @ 00:00,IFF,MAC- AIM,$352.50
M103832,"IUKA, MS",FFAU1451254,9/24,POTAMIC EXPRESS,9-26 @ 00:00,IFF,CURTIS- AIM,$353.50
M103827,"NORTH CHARLESTON, SC (DUPUY)",EITU9372126,9/24,APL FLORIDA,9-27 @ 9:00,IFF,MAC- AIM,$60
B103979,"PAGELAND, SC",HAMU1466488,9/24,POTAMIC EXPRESS,9-30 @ 00:00,IFF,MP TRUCKING,$165
M103932,"GREENVILLE, SC",ONEU0916659,ON YARD,ROME EXPRESS,9-30 @ 8am,GDE,MP TRUCKING,$188.75
B103974,"PAGELAND, SC",UACU5663934,9/24,POTAMIC EXPRESS,9-30 @ 00:00,IFF,MP TRUCKING,$245
B103996,"PAGELAND, SC",CAIU4220279,9/24,POTAMIC EXPRESS,9-30 @ 00:00,IFF,MP TRUCKING,$165
B104044,"ALBERTVILLE, AL (OW)",TCLU4967698,OD YARD,SEASPAN EMPIRE,10/2 @ 9am,GDE,ODFL,
M103971,"CENTRE, AL",FBIU0448966,ON YARD,HUDSON EXPRESS,10/1 @ 8am,GDE,CURT- AIM,$455
M103972,"CENTRE, AL",HLXU1405345,ON YARD,HUDSON EXPRESS,10/1 @ 9am,GDE,MAC- AIM,$455
M103997,"ATLANTA, GA",CSNU4046714 ,ON MAC BACK,COSCO FORTUNE,10/3 @ 9am,IFF,MAC- AIM,$155
M103989,"BUSHNELL, FL",CSNU6445570 -->**OW**,ON YARD,COSCO ORCHID,10/3 @ 8am,GDE,MP TRUCKING,$407.50
M103894,"IUKA, MS",GAOU6580925,10/2,COLORADO EXPRESS,10-8,IFF,MAC,$352.50
M103893,"IUKA, MS",BMOU4580510,10/2,COLORADO EXPRESS,10-8,IFF,CURT,$352.50
B104091,"STOCKBRIDGE,GA",TCNU2199710 (OW),10/3,BRUSSELS,10-9 @ 9:00,IFF,MP TRUCKING,$196.25
M103834,"DULUTH, GA",TXGU7157242,10/2,COLORADO EXPRESS,10-10 @ 9:00,IFF,CURT,$171.25
M103833,"DULUTH, GA",TRHU4556300,10/2,COLORADO EXPRESS,10-10 @ 9:00,IFF,MAC,$171.25
B104093,"LADSON, SC (EXPORT)",BOOKING- 60640909- FANU3029196,C/O: 10-15,DELAWARE EXPRESS,10-11 @ 8:00,IFF,MP TRUCKING- $250,
M103845,DULUTH GA,FCIU7097839,10/2,COLORADO EXPRESS,10-11 @ 9:00,IFF,MAC,$171.25
M103943,"STOCKBRIDGE,GA",FCGU1990153,10/3,BRUSSELS,10-11 @ 9:00,IFF,CURT,$171.25
B104092,"LADSON, SC",SEGU6870814,10/2,COLORADO EXPRESS,10-11 @ 10:00,IFF,MP TRUCKING- $250,
B104116,"GREER, SC",ZCSU6977655- LFD 10-11,10/6,ZIM MOUNT RANIER,10-14@8:00,GDE,MP TRUCKING,
B104117,"WOODRUFF, SC",TLLU4940442,10/10,MISSOURI EXPRESS,10-14 @ 9:00 ,IFF,MP TRUCKING,
M104045,"MT STERLING , KY",HLXU1086660 (20FT) *PRE PULL*,10/10,MISSOURI EXPRESS,10-14 @ 9:00,IFF,MAC,$180
M103944,"IUKA, MS",KKFU8021219,10/10,MISSOURI EXPRESS,10-14 @ 00:00,IFF,CURT,$432.50
M104163,"GAINESVILLE, GA",TCLU9723143,10/15,HMM DREAM,10-15 @ 10:00 p.m. pending,,,$138.75
M103991,"MYRTLE BEACH, SC",BMOU5744265- LFD 10-18,10/10,MISSOURI EXPRESS,10-16 @ 8:30,IFF,MAC,$121.25
M104159,"MORRISTOWN, TN",TCLU1808630,10/15,HMM DREAM,10-17 @ 12:00,GDE,CURT,$176.25
M103895,"DULUTH, GA",EITU1129613,10/16,OOCL CHONGQING ,10-18 @ 9:00,IFF,MAC,$146.25
M103990,"NORTH CHARLESTON, SC",YMLU8821027- LFD 10-18 ,10/10,MISSOURI EXPRESS,10-21 @ 1:00 ,IFF,BOBBY,$105.00
B104199,"WOODRUFF, SC",CXDU2326342- (IFF),10/17,DELAWARE EXPRESS,10-21 @ 00:00,IFF,MP TRANS,
B104200,"WOODRUFF, SC",HLXU5241173- (GDE),10/17,DELAWARE EXPRESS,10-21 @ 00:00,GDE,MP TRANS,
E104175,"CHARLESTON, TN",BOOKING- 720396580 (HAZ),C/O: 10-24,MAERSK MONTANA,10-21 @ 12pm,NTG,CURT,$350
M104024,"IUKA, MS",NYKU4958402,10/17,DELAWARE EXPRESS,10-21 @ 00:00,IFF,MAC ,$382.50
B104197,"STOCKBRIDGE, GA",BMOU6990854,10/18,CMA CGM FRANCOISE,10-22 @ 9:00 ,IFF,MP TRANS,
B104198,"GREENVILLE, SC",FANU1567654 - LFD 10-23,10/17,DELAWARE EXPRESS,10-22 @ 9:00,IFF,MP TRANS,
B104212,"GREENVILLE, SC",WHSU6280630(OW),10/18,WAN HAI 503,10-23 @ 8:00,GDE,MP TRANSPORT,
E104169,"AIKEN, SC",BOOKING- RICELB691300- ON YARD,ERD 10-24,NEW YORK EXPRESS,10-23 @ 00:00,TQL,MAC,$72.50
M104025,"IUKA, MS",TEMU8226350,10/17,DELAWARE EXPRESS,10-23 @ 00:00,IFF,CURT,$302.50
M104028,ATLANTA GA,DFSU6612774- LFD: 10/26,10/21,HUDSON EXPRESS,10-24 @ 15:00,IFF,MAC,$36.25
M104099,"NORTH CHARLESTON, SC",YMLU8908404,10/21,HUDSON EXPRESS,10-25 @ 9:00,IFF,BOBS,$10
M104096,"IUKA, MS",ONEU0512092,10/21,HUDSON EXPRESS,10-25 @ 00:00,IFF,CURT,$302.50
B104259,"WESTMINISTER, SC",TEMU1456897- LFD: 10-26,10/21,HUDSON EXPRESS,10-25 @ 9:00,NTG,MP TRANSPORT,
M104097,"IUKA,MS",NYKU4964180,10/21,HUDSON EXPRESS,10-28 @ 00:00,IFF,CURT,$342.50
M103896,"DULUTH, GA",TXGU6621045 ,10/16,OOCL CHONGQING ,10-28 @ 9:00,IFF,MAC,$226.25
B104260,"GRENVILLE, SC",KKFU8003581,10/20,UNAYZAH EXPRESS,10-28 @ 8:00,GDE,MP TRANSPORT,$113.25
M104186,"CHARLESTON, SC",TXGU4047914- ON YARD,10/20,OOCL KOREA,10-29 @ 00:00,GDE,BOBBY,$250
M104027,"MARIETTA, GA",EXFU0532662- 20FT TANKER OW- ON YARD,10/13,MSC ARICA,10-30 @ 8:00,IFF,CURT,$530
E104269,"INMAN,SC",BOOKING- 68314587,C/O 11-1,COLORADO EXPRESS,10-30 @ 9:00,HORIZON,MAC,$415
M104022,"GREER, SC",ZCSU6735688,10/30,ZIM CANADA (HL),11-1 @ 10:00,GDE,MAC,$124
M104161,"IUKA, MS",NYKU5179243,10/30,POTAMIC EXPRESS,11-1 @ 00:00,IFF,CURT,$302.50
E104216,"JEFFERSON CITY, TN",Booking- 60977245 ,C/0: 10/31,MONTE AZUL,C/O 11-1,NTG,CLARDY,
M104190,"DALTON, GA",TLLU8722433,10/31,HERBERT SCHUTTLE,11-4 @ 8:00,ARIESF,MAC,$385
B104321,"WALTERBORO, SC",UETU2507167 (HAZ) LFD: 11/4,10/29,CMA CGM BUTTERFLY,11-4 @ 8:00 ,IFF,MP TRANS,
B104320,"LADSON, SC",SEGU6867160 LFD: 11/6,10/30,POTAMIC EXPRESS,11-4 @ 1:00 ,IFF,MP TRANS,
M104188,"DALTON, GA",MSNU6648074,10/31,HERBERT SCHUTTLE,11-4 @ 12:00,ARIESF,CURT,$385
M104308,"MORRISTOWN, TN",DFSU7303419,LFD: 11-5,CMA BUTTERFLY,11-6 @ 10:00,GDE,CURT,$26.25
M104191,"DALTON, GA",MSDU5727266,11/1,AGIOS DIMITRIOS,11-6 @ 8:00,ARIESF,MAC,$247.50
M104330,"ANDERSON, SC",HMMU6419519- LFD 11/7,11/1,ONE RECOMENDATION,11-7 @ 9:30,GDE,CURT,$85
B104333,"STOCKBRIDGE, GA",UETU6304698 OW,11/1,MH PERSEUS ,11-7 @ 9:00,IFF,MP TRANS,
B104332,"GREENVILLE, SC",JXLU4383485- LFD 11/5,11/1,ZIM CANADA (HL),11-7 @ 8:00,GDE,MP TRANS,
M104331,"ANDERSON, SC",KOCU5235447- LFD 11/7,11/1,ONE RECOMENDATION,11-8 @ 9:00,GDE,CURT,$125
M104309,"MORRISTOWN, TN",CSNU6464987- LFD 11-6,11/1,CMA BUTTERFLY,11-8 @ 10:00,GDE,MAC,$78.75
M104218,"IUKA, MS",TRHU5332671,11/8,COLORADO EXPRESS,11-11 @ 6:00,IFF,MAC,$342.50
M104393,"GREENWOOD, SC",CXDU1199726 (20FT),ON YARD,TIRUA,11- 12 @ 11:00,GDE,NILSON ,
M104219,"IUKA, MS",SEGU4816250,11/8,COLORADO EXPRESS,11-13 @ 00:00,IFF,CURT,$302.50
E104335,"IUKA, MS **RELOAD**",BOOKING- RICENK272700,TBA,DELAWARE EXPESS,11-13 @ 6:00,IFF,CURT,
B104417,"DULUTH, GA",TGBU6050513- LFD- 11/13,11/8,COLORADO EXPRESS,11-13 @ 9:00,IFF,MP TRANS,
B104418,"GREENSBORO, NC",BOOKING- 63315887 (20FT),C/O: TBA,DELAWARE EXPRESS,11-13 @ 9:00,IFF,MP TRANS,
M104231,"MT. STERLING, KY",HLBU1179831- LFD 11/12 (20ft),11/8,COLORADO EXPRESS,11-13 @ 6:00,IFF,MAC,$100
M104398,"KNOXVILLE, TN",WHSU5829557- LFD 11-11,11/5,NOFOLK EXPRESS,11-15 @ 8:00,GDE,CURT,-$7.50 - additonal pay due to 1-40 closures
M104203,"DULULTH, GA",FANU1144333 LFD- 11/13,11/8,COLORADO EXPRESS,11-15 @ 9:00,IFF,MAC,$73.75
M104346,"HICKORY, NC",TGBU7676292,11/5,MSC MICHAELA,11-18 @ 7:30,IFF,NILSON,
M104188,"DALTON, GA",FFAU3836384,11/11,MSC SWEDEN,11-18 @ 8:00,ARIESF,CURT,$367.50
M103945,"RUTHERFORD COLLEGE, NC",MSKU8800284- LFD- 11/13,11/9,MAERSK CHICAGO,11-15 @ 9:00,IFF,NILSON,
M104220,"ATLANTA, GA",HAMU1367891 LFD- 11/13,11/8,COLORADO EXPRESS,11-18 @ 10:00,IFF,MAC,$113.75
M104262,"WOODRUFF, SC",EGSU9209050- LFD 11-21,11/14,APL FLORIDA,11-19 @ 0:00,IFF,MAC,$125
M104232,"IUKA, MS",GAOU6571672,11/15,MISSOURI EXPRESS,11-19 @ 00:00,IFF,CURT,$302.50
M104177,"WOODRUFF, SC",TIIU5080507 ,11/17,COSCO HOPE,11-20 @ 00:00,IFF,MAC,$125
M104234,"IUKA, MS",TLLU5707841- LFD 11-20,11/15,MISSOURI EXPRESS,11-21 @ 00:00,IFF,CURT,$302.50
M104336,"GREER, SC ",TRHU4270430- LFD 11-22,11/19,SOUTH HAMPTON EXPRESS,11-22 @ 10:00,IFF,MP TRANS,$96.25
M104225,"DULUTH, GA",TGBU9644463,11/23,DELAWARE EXPRESS,11-26 @ 9:00,IFF,MAC,$96.25
M104310,"IUKA,MS",TRHU7310877,11/23,DELAWARE EXPRESS,PICK AND RUN 11-25,IFF,CURT,$165
M104217,"WOODRUFF, SC",TGBU7275622,11/26,CMA FORT JAMES,11-27 @ 00:00,IFF,MAC,$125
M104261,"DULUTH, GA",FANU1966696,11/23,DELAWARE EXPRESS,11-27 @ 9:00,IFF,CURT,$176.25
M104268,"MYRTLE BEACH, SC",EMCU8411113 (LFD: 12/3),11/26,CMA FORT JAMES,12-3 @ 8:30 ,IFF,MP TRANS,
R104311,"LOUDON, TN",2024 JAPAN BOAT PICK UP,N/A,PENDING,11-11 @ 8:00,TRANS GLOBAL,CURT,
M104453,"IUKA, MS",ONEU5040975,11/30,HUDSON EXPRESS,12-3 @ 00:00,IFF,CURT,
M104596,"STOCKBRIDGE, GA",BMOU5857770- interchanges,12/1,BRUSSELS,12- 4 @ 9:00,IFF,MP,
B104656,"GREENVILLE, SC",NYKU4755093- interchanges,11/28,ESSEN EXPRESS,12-4 @ 8:00,GDE,MP TRANS,
B104709,"GREENVILLE, SC",TCKU6968818 ,11/29,ZIM BANGKOK,12-5 @ 8:00,GDE,MP TRANS,
M104347,"IUKA, MS",BEAU5531080 ,11/30,HUDSON EXPRESS,12-4 @ 00:00,IFF,MAC,
M104454,MT STERLING KY,UACU8424281,11/30,HUDSON EXPRESS,12-5 @ 7:00,IFF,CURT,
M104473,"LADSON, SC",BMOU6328149 (LFD: 12/6),11/30,HUDSON EXPRESS,12-5 @ 9:00,IFF,MP TRANS,
E104452,"LADSON, SC",EXPORT- 67651248 (FANU1317676),C/O 12-9,COLORADO EXPRESS,12-5 @ afternoon,IFF,MP TRANS,
M104597,"STOCKBRIDGE, GA",TCNU6626194- interchanges,12/1,BRUSSELS,12-4 @ 11:00,IFF,MP,
M104595,"ANDERSON, SC",EMCU8812693,12/1,BRUSSELS,12-6 @ 8:00,GDE,CURT,
M104455,"STOCKBRIDGE, GA",CMAU5908762,12/2,OOCL CHINQOING,12-6 @ 9:00,IFF,MAC,
M1044451,"NORTH CHARLESTON, SC",EGHU9525456,12/4,OOCL CHONGQUING,12-9 @ 11:00,IFF,MP TRANS,
M104456,"STOCKBRIDGE, GA",FSCU8210173,12/2,OOCL CHINQOING,12- 9 @ 11:00 ,IFF,MAC,
M104574,"WESTMINISTER, SC",TRHU5573391,11/28,MSC MADRID,12-9 @ 9:00,NTG,CURT,
M104649,"STOCKBRIDGE, GA",GESU6237421,12/7,CMA MUSSET,12-10 @ 9:00,IFF,MAC,
M104544,"IUKA, MS",CAIU9526153,12/6,POTAMIC EXPRESS,12-10 @ 00:00,IFF,CURT,
M104264,"GREER, SC ",GCXU5344212,12/4,MAERSK ATHABASCA ,12-11 @ 8:00,GDE,MP TRANS,
M104337,"DULUTH, GA",BMOU6573383 (LFD 12-14),12/6,POTAMIC EXPRESS,12-11 @ 9:00,IFF,MAC,
M104553,"ARDEN, NC",ZCSU7680070 (HOT!!),12/6,ZIM MT. KILIMANJARO ,12-10 @ 11:00,GDE,NILSON,
M104350,"NORTH CHARLESTON, SC",TRHU8123443- (LFD 12-11),12/4,OOCL CHONGQUING,12-12 @ 9:00,IFF,MP TRANS,
M104474,"DULUTH, GA",HLBU9057070 (40 REFER),12/6,POTAMIC EXPRESS,12-12 @ 9:00,IFF,MAC,
M104543,"IUKA, MS",TCNU4966826 ,12/6,POTAMIC EXPRESS,12-12 @ 00:00,IFF,CURT,
M104757,"LINCOLNTON, NC",ZCSU7237479 (LFD 12-11),12/6,MAERSK ATHABASCA ,12-12 @ 10:00,GDE,NILSON,
M104338,"DULUTH, GA",FANU1458925 ,12/6,POTAMIC EXPRESS,12-13 @ 9:00,IFF,MAC,
M104348,"GREENVILLE, SC",DAYU6120439 ,12/6,POTAMIC EXPRESS,12-12 @ 9:00,IFF,MP TRANS,
M104774,"SHELBY, NC",CAAU5610319 (ON YARD!),12/6, BF HAMBURG,12-13@ 8:00,GDE,NILSON,
M104457,"DULUTH, GA",FANU3409426 (LFD 12-14),12/6,POTAMIC EXPRESS,12-11@ 9:00,IFF,MP TRANS,
M104263,"GREER, SC",GAOU6118476,12/12,ZIM MT. OLYMPUS,12-16 @ 8:00,GDE,MAC,
M104449,"ATLANTA, GA (M&W)",HAMU1699896 (LFD 12-14),12/6,POTAMIC EXPRESS,12-13 @ 2:00,IFF,CURT,
M104704,"STOCKBRIDGE, GA",APHU7239734,12/13,CMA FRANCOISE,12-17 @ 9:00,IFF,MAC,
M104580,"IUKA, MS",TGBU5111194,12/13,COLORADO EXPRESS,12-16 @ 00:00,IFF,CURT,
M104657,"MT. STERLING, KY",CAAU2291692- (20FT),12/13,COLORADO EXPRESS,12-18 @ 6:00,IFF,PARLA,
M104581,"IUKA, MS",TLLU5502456 (LFD 12-18),12/13,COLORADO EXPRESS,12-18/19 ish,IFF, CURT,
M104787,"MT. STERLING, KY",CAIU2664850 (20FT),12/13,COLORADO EXPRESS,12-19 @ 2:00,IFF,MAC,
M104835,"ANDERSON, SC",HMMU6665301 (LFD 12-18),12/14,ONE REINFORCEMENT,12-19 @ 13:00,GDE,RONALD,
M104795,"SHELBY, NC",HAMU1661442 (LFD 12-18),12/16,MAERSK MONTE LINZOR,12-19 @ 9:00,GDE,NILSON,
M104579,"ATLANTA, GA (M&W)",DFSU7491110 (LFD 12-18) (813352),12/13,COLORADO EXPRESS,12-19 @ 12:00,IFF,MP,
M104582,"STOCKBRIDGE, GA",CAIU3316885 (20FT OW/HAZ- LFD 12-19),12/14,ONE REINFORCEMENT,12-20 @ 9:00,IFF,MP,
M104658,"IUKA, MS",NYKU4440183- RETURN FOR CURT,12/18,MISSOURI EXPRESS,12-20 @ 8:00 pm,IFF,CURT,
M104576,"ATLANTA, GA (M&W)",FANU1854870 (LFD 12-18) (813351),13/13,COLORADO EXPRESS,12-20 @ 12:00,IFF,MP,
M104792,"STOCKBRIDGE, GA",FCIU9304051 (OW),12/19,OOCL BREMERHAVEN,12-23 @ 9:00,IFF,MAC,
M104659,"IUKA, MS",TCLU1528048-,12/18,MISSOURI EXPRESS,12-23 by 10 AM,IFF,CURTIS,
M104583,"DULUTH, GA",TCLU8348095 ,12/18,MISSOURI EXPRESS,12-26 @ 9:00,IFF,CURT,
M104584,"DULUTH, GA",FANU1572780 (LFD 12-27),12/18,MISSOURI EXPRESS,12-27 @ 9:00,IFF,MAC,
M104905- add pay,"GREER, SC- CONFRIMED",TCNU1642417 (LFD 12-30),12/24,ZIM SAMMY,12-30 @ 9:00,GDE,MAC,
M104903,"SHELBY, NC",TLLU4896458 (OW 40FT),12/24,ZIM SAMMY,12-28 @ 8:00,GDE,CURT,
M104939,"GREER, SC",FFAU5581636 ,12/23,EVER FOCUS,12-31 @ 7:00 ,GDE,MAC,
M104904,"GREENVILLE, SC ",EMCU8390690 (OW 40FT),12/23,EVER FOCUS,12-31 @ 8:00,GDE,MP TRANS,
M104796,"MT. STERLING, KY",UACU3929917 (20FT)- WE NEED TO RETURN!!,12/27,DELAWARE EXPRESS,12-31 @ 00:00,IFF,CURT,
M104906,"GREER, SC",ZCSU7628112 ,12/24,ZIM SAMMY,1-2 @ 10:00,GDE,MAC,
M104937,"CHARLOTTE, NC",YMMU6849517- ON YARD,12/27,DELAWARE EXPRESS,1-2 @ 9:00,TAZMANIAN,CURT,
M104901,"STOCKBRIDGE, GA",TRHU7682909,12/31,MH PERUES,1-3 @ 9:00,IFF,MAC,
M104952,"CHARLOTTE, NC",CAIU4312919 ,12/27,DELAWARE EXPRESS,1-3 @ 9:00,TAZMANIAN,CURT,
M104902,"ANDERSON, SC",WHSU5536944-  ON YARD,12/21,WAN HAI 815,1-3 @ 9:00,GDE,NILSON,
M104907,"GREENVILLE, SC ",HASU1089180 (OW 20FT)- ON YARD,12/24,ZIM SAMMY,1-6 @ 8:00,GDE,MP TRANS,
M104920- get updated RC,"WESTMINISTER, SC",HLBU2322356 ON YARD (ntg bill chassis),12/27,DELAWARE EXPRESS,1-6 @ 9:00,NTG,MP TRANS,
M104955- get updated RC,"WESTMINISTER, SC",MSNU9038244  ON YARD (no chassis charges),12/27,DELAWARE EXPRESS,1-6 @ 10:00,NTG,MAC??,
M104793,"IUKA, MS",TRHU5909193 ON YARD,12/27,DELAWARE EXPRESS,1-6 @ 00:00,IFF,CURT,
M104908,"ARDEN, NC",BSIU9753738 ,12/29,ZIM MT RANIER,1-8 @ 8:00,GDE,MAC,
M104794,"IUKA, MS",CAIU9504088 ON YARD,12/27,DELAWARE EXPRESS,1-7 @ 00:00,IFF,CURT,
M105008,"KNOXVILLE, TN",CIPU5109692 ,12/29,ZIM MT RANIER,1-9 @ 9:00,GDE,CURT,
M105083,"ANDERSON, SC",YMLU9564258- 45FT SCALE!,1/7,UM SELAL,1-10 @ 9:00,GDE,,
M105082,"CONOVER, NC",CSNU7942904  *LFD 1/10*,1/5,CMA PELLEAS ,1-9 @ 9:00,GDE,MAC,
M104913,"NORTH CHARLESTON, SC",TRHU4562453,1/11,CMA FORT JAMES,1-13,IFF,MAC,
M104912,"NORTH CHARLESTON, SC",TXGU5688888,1/11,CMA FORT JAMES,1-13,IFF,MAC,
M104914,"NORTH CHARLESTON, SC",FCIU7534780,1/11,CMA FORT JAMES,1-14 @ 9:00,IFF,MP TRANS,
M104911,"MYRTLE BEACH, SC",EITU1434406,1/12,COSCO HOPE,1-14 @ 8:30,IFF,MAC,
M104910,"LADSON, SC",TXGU4114680,1/11,CMA FORT JAMES,1-14 @ 10:00,IFF,MP TRANS,
M104915,"IUKA, MS",TRHU6427386,1/10,HUDSON EXPRESS,1-13,IFF,CURT,
E105163,"LADSON, SC",EXPORT BOOKING-90237377 HAMU3099083,C/O 1-17,COLORADO EXPRESS,1-15 @ 10:00,IFF,MP TRANS,
E105159,"CHARLESTON, SC",24963593- EXPORT ,C/O 1-17,POTAMIC EXPRESS,1-17 @ 10:00,,,
M104916,"IUKA, MS",TRHU7414228,1/10,HUDSON EXPRESS,1-14 @ 00:00,IFF,CURT,
E104863,"IUKA, MS",EXPORT RELOAD: RICEST948800-SUBMIT IN ,C/O 1-17,COLORADO EXPRESS,RELOAD ,IFF,CURT,
M104917,"MT STERLING, KY",SEKU1020746- *20FT* (LFD 1-14),1/10,HUDSON EXPRESS,1-15 @ 7:00 p.m.,IFF,MAC,
M105014,"GREER, SC",ZIMU1020079-  *20FT* (LFD 1-16),1/10,ZIM MT BLANC,1-16 @ 9:00,GDE,MP TRANS,
M105015,"GREER,SC",GAOU6445777 (LFD 1-16),1/10,ZIM MT BLANC,1-16 @ 8:00,GDE,MP TRANS,
M105070,"BENNETTSVILLE, SC",UETU5692080- *SCALE TICKET!* (LFD 1-17),1/12,CMA CGM RIMBAUD ,1-17 @ 7:00,GDE,CURT,
M105157,"EASLEY, SC",HLBU8025967- ON YARD,1/10,HUDSON EXPRESS,1-16 @ 00:00,GDE,NILSON,
M105205,"ANDERSON, SC",CAAU8589792,1/13,COLOMBO EXPRESS,1-17 @ PICK AND RUN,GDE,NILSON,
M105158,"EASLEY, SC",HLBU8207827,1/10,HUDSON EXPRESS,1-20 @ 9:00 ,GDE,MAC,
M105174,"EASLEY, SC",HLBU8145896,1/15,POTAMIC EXPRESS,1-20 @ 11:00,GDE,RICKY,
E105141,"HUDSON, NC",EXPORT- 248801891,C/O 1-22,MAERSK TAIKUNG,1-20 @ 9:00,GDE,MP,
M104909,"IUKA, MS",ONEU1741827,1/14,POTAMIC EXPRESS,1-20 @ 00:00,IFF,CURT,
M105017,"STOCKBRIDGE, GA",TLLU4537627,1/20,APL MINNESOTA,1-21 @ 9:00,IFF,MAC,
M105175,"EASLEY, SC",HLBU8190030 ,1/15,POTAMIC EXPRESS,1-21 @ 9:00,GDE,RICKY,
M105176,"EASLEY, SC",HLBU8154429 ,1/15,POTAMIC EXPRESS,1-21 @ 8:00,GDE,RONALD,
M105177,"EASLEY, SC",HLBU8080162,1/15,POTAMIC EXPRESS,1-21 @ 10:00,GDE,NILSON,
M105018,"IUKA, MS",NYKU5188224,1/21,COLORADO EXPRESS,1-23 @ 00:00,IFF,CURTIS,
M105040,"GREER, SC",GLDU7406970 (LFD 1-21),1/17,ZIM MT DENALI,1-24 @00:00,GDE,RICKY,
M104918,"CHARLOTTE, NC",CHSU2065012- ON YARD: OFF HIRE TO CONGLOBAL!!),1/16,SHANGHAI EXPRESS,1-22 @ 9:00,IFF,CURTIS,
M105210 (NTG BILL CHASSIS),"WESTMINISTER, SC",TEMU1468028 ,1/21,COLORADO EXPRESS,1-27 @ 9:00 ,NTG,RICKY,
M105020,"DULUTH, GA",HAMU1185942 (LFD 1-28),1/21,COLORADO EXPRESS,1-27 @ 9:00,IFF,MAC,
M105016,"STOCKBRIDGE, GA",CMAU4170817,1/20,APL MINNESOTA,1-22 @ 9:00,IFF,MAC,
M105019,"IUKA, MS",TRHU4993867,1/21,COLORADO EXPRESS,1-27 @ 00:00,IFF,CURT,
M105169,"LAWRENCEVILLE, GA",CAIU7389642,1/25,MONTE TAMORA,1-28 @ 9:00,GDE,MAC,
M105041,"GREER, SC",ZCSU6974260,1/27,ZIM CANADA,1-28 @ 8:00,GDE,RICKY,
M105211,"STOCKBRIDGE, GA",CMAU9340731,1/25,BRUSSELS,1-29 @ 9:00,IFF,MAC,
M105042,"GREER, SC",UETU5272554,1/27,ZIM CANADA,1-29 @ 8:00,GDE,RICKY,
M105126,"ANDERSON, SC",TGBU4387974,1/25, UNAYZAH EXPRESS,1-29 @ 12:00,SFI,CURT,
M105161,"GREENVILLE, SC",TRHU5316541 (LFD 1-30),1/25, UNAYZAH EXPRESS,1-30 @ 8:00,GDE,MP TRANS,
M105242,"LAWRENCEVILLE, GA",MRSU6305343,1/29,MONTE VERDE,1-31 @ 7:00,GDE,RICKY,
M105302,"JENKINSVILLE,SC ",OOCU0168588,1/31,CMA HYDRA,2-3 @ 08:00,GDE,CURT,
E105319,"DALTON, GA",BOOKING- 249688678,C/O 2-5,MAERSK BUTON,2-3 @ 12:00,GDE,MAC,
E105318,"DALTON, GA",BOOKING- 249685993,C/O 2-5,MAERSK BUTON,2-3 @ 8:00,GDE,RICKY,
M105253,"GREENVILLE, SC",MRSU5010271- OW 40FT ,1/31,ZIM MT FUJI,2-4 @ 8:00,GDE,MP TRUCKING,
M105301,"JENKINSVILLE,SC ",CBHU5414448,1/31,CMA HYDRA,2-4 @ 9:00,GDE,JEFF,
M105303,"JENKINSVILLE,SC ",TRIU0561339,1/31,CMA HYDRA,2-4 @ 11:00,GDE,RONALD,
M105300,"JENKINSVILLE,SC ",CBHU5408337,1/31,CMA HYDRA,2-4 @ 2:00 ,GDE,RICKY,
E105320,"DALTON, GA",BOOKING- 249176407,C/O 2-5,MAERSK BUTON,2-4 @ 8:00,GDE,CURT,
M105248,"GREER, SC",ZIMU1104879- (20FT),1/31,ZIM MT FUJI,2-5 @ 9:00,GDE,RICKY,
M105336,"SUWANEE, GA",WHSU2059494,2/1,ATLANTA EXPRESS,2-5 @ 10:30,GDE,MAC,
E105321,"DALTON, GA",BOOKING- 249223701,C/O 2-5,MAERSK BUTON,2-4 @ 12:00,GDE,NILSON,
M105274,"GREENVILLE, SC",CAIU8981785,2/2,NEW YORK EXPRESS,2-6 @ 8:00,GDE,MP TRANS,
E105322,"INMAN, SC",BOOKING- 2755272440,C/O 2-7,CMA CGM FIDELIO,2-6 @ 9:00,HORIZON,MAC,
M105316,"ALBERTVILLE, AL",CMAU8664232 (OW 40FT) ,2/4,BSG BAHAMAS,2-10 @ 7:30 ,GDE,RICKY,
M105252,"LADSON, SC",FFAU3359255,02/08,CMA MUSSET,2-11 @ 10:00,IFF,RICKY,
M105249,"STOCKBRIDGE, GA",CMAU6640946,02/08,CMA MUSSET,2-11 @ 9:00,IFF,MAC,
M105357,"ANDERSON, SC",FANU1125610,2/10,MISSOURI EXPRESS,2-12 @ 9:00,GDE,RICKY,
M105173,"IUKA, MS",SEGU4918457,2/8,DELAWARE EXPRESS,2-11 @ 00:00,IFF,CURT,
M105259,"DULUTH, GA ",HLXU8604267,2/8,DELAWARE EXPRESS,2-12 @ 9:00,IFF,MAC,
M105426,NILSON YARD,TCLU6963027 (20FT DROP),02/08,DELAWARE EXPRESS,2-11,NILSON,RICKY,
M105427,NILSON YARD,WHSU6491572- (40FT DROP),02/08,DELAWARE EXPRESS,2-11,NILSON,RICKY,
M105172,"IUKA, MS",ONEU5382617,2/8,DELAWARE EXPRESS,2-12@ 00:00,IFF,CURT,
M105156,"DULUTH, GA ",FANU1713867,2/10,MISSOURI EXPRESS,2-13 @ 9:00,IFF,MAC,
M105171,"ATLANTA, GA",MTSU9658610,2/10,MISSOURI EXPRESS,2-13 @ 9:00,IFF,RICKY,
M105432,"ANDERSON, SC",TRHU7779334,2/8,ONE RECOMMENDATION,2-13 @ 9:00,GDE,MP ,
M105220,"IUKA, MS",TCNU4208467,2/10,MISSOURI EXPRESS,2-14 @ 00:00,IFF,CURT,
M105170,"ATLANTA, GA",HAMU1630483,2/10,MISSOURI EXPRESS,2-14 @ 9:00,IFF,MAC,
M105442,"LITHIA SPRINGS, GA",BEAU4508316 (OW 40FT),2/11,DELAWARE EXPRESS,2-17 @ 8:00,IFF,RICKY,
M105454,"LITHIA SPRINGS, GA",SEGU4252798 (OW 40FT),2/11,DELAWARE EXPRESS,2-17 @ 8:00,IFF,CURT,
M105459,"LITHIA SPRINGS, GA",YMMU6866582,2/11,DELAWARE EXPRESS,2-18 @ 10:00,IFF,MAC,
M104940,"GREENVILLE, SC",SEGU2320661 (OW HAZ 20),02/12,ZIM MOUNT VINSON,2-18 @ 8:00,SFI,RICKY,
M105297,"IUKA, MS",FFAU2903554,2/15,HUDSON EXPRESS,2-18 @ 00:00,IFF,CURT,
M105421,"GREENVILLE, SC",TCNU7515003- OW 40FT,2/14,ZIM MOUNT VINSON,2-19 @ 9:00,GDE,RICKY,
M105422,"CHARLOTTE, NC",CSLU2422414,2/14,APL FLORIDA,2-19  @ 9:00-10:00,GDE,MAC,
M105475,"SPARTANBURG, SC",MSNU6052418,2/14,MSC NERISSA,2-20 @ 9:00,NTG,MAC,
M105417,"STOCKBRIDGE, GA",TCNU2952269,2/18,OOCL BERMHAVEN,2-20 @ 9:00,IFF,CURT,
E105478,"HUDSON, NC",BOOKING- 250242817,C/O- 2-24,GERDA MAERSK,2-21 @ 9:00,GDE,MAC,
M105499,"OCALA, FL",UACU5723210- (OW 40FT),2/9,DELAWARE EXPRESS,2-24 @ 9:00,SPI,CURT,
M105021,"ATHENS, GA",TCKU7255534,2/23,MSC MELTEMI,2-25 @ 9:00,IFF,MAC,
M105419,"GREENVILLE, SC",WHSU2299670 (OW 20),2/24,LOS ANGELES EXPRESS,2-26 @ 8:00,GDE,MAC,
M105476,"PLAINFIELD, IN",HLBU9686175 (40 REFER- HL),2/21,MAERSK BRATAN,2-25 @ 13:00,GDE,NILSON,
M105479 ,"CALHOUN, GA",MSMU8395011 (HL),2/24,MSC YAMUNA,2-26 @ 8:00,GDE,CURT,
E105532,"MORRISTOWN, TN",BOOKING- 250543367,C/O 2-28,MONTE TOMARO,2-27 @ 00:00,GDE,NILSON,
E105533,"MORRISTOWN,TN",BOOKING- 250543367,C/O 2-28,MONTE TOMARO,2-27 @ 00:00,GDE,NILSON,
E105418,"IUKA, MS",DIVERT & RELOAD RICF98400400,C/O 3-3,ARGUS,2-27 @00:00,IFF,CURT,
M105310,"IUKA, MS",BSIU9788230,2/25,POTAMIC EXPRESS,2-27 @ 00:00,IFF,CURT,
M105416,"STOCKBRIDGE, GA",TCLU1548189,2/18,OOCL BERMHAVEN,2-27 @ 9:00,IFF,MAC,
M105547,"OKAHUMPKA, FL",MEDU6430315 (20FT),2/22,MSC NIOVI,2-28 @ 3:00,GDE,CURT,
M105433,"MT. STERLING, KY",FCIU4739540- (20FT HAZ),2/25,API BHUM,3-3 @ 9:00,IFF,Nilson,
M105311,"IUKA, MS",TCNU5790120,2/25,POTAMIC EXPRESS,3-3 @ 00:00,IFF,CURT,
M105305,"ATLANTA, GA",HLBU2265261,2/25,POTAMIC EXPRESS,3-3 @ 10:00,IFF,MAC,
M105472,"STOCKBRIDGE, GA",TRHU6623590,3/3,MH PERSEUS,3-5 @ P/R,IFF,CURTIS,
M105256,"ARDEN, NC",GAOU6359560,2/28,ZIM MOUNT OLYMPUS,3-4 @ 9:00,GDE,MAC,
M105254,"ARDEN,NC",JXLU6233000,2/28,ZIM MOUNT OLYMPUS,3-5 @ 9:00,GDE,MAC,
M105477,"PLAINFIELD, IN",HLBU9386835 (40FT REFER),2/28,SPIRIT OF MELBOURNE,3-5 9:00,GDE,RICKY,
M105255,"ARDEN, NC",TRHU2689388 (20FT),2/28,ZIM MOUNT OLYMPUS,3-6 @ 9:00,GDE,MAC,
M105480,"STOCKBRIDGE, GA",TCNU3860927 (OW 40FT),3/3,MH PERSEUS,3-6 @ 9:00,IFF,CURTIS,
M105515,"NORTH CHARLETON, SC",TXGU8342749,3/6,ARGUS,3-10 @ 9:00,IFF,JEFF,
M105304,"DULUTH, GA ",HAMU2317299 (LFD 3-12),3/3,COLUMBIA EXPRESS,3-7 @ 9:00,IFF,MAC,
M105593,"MYRTLE BEACH, SC",EMCU1771015,3/6,ARGUS,3-10 @ 8:30,IFF,BOBS,
M105420,"NORTH CHARLETON, SC",EGSU9178480,3/6,ARGUS,3-10 @ 11:00,IFF,JEFF,
M105520,"LADSON, SC",CBHU9064374 - **OFF HIRE**,3/6,ARGUS,3-10 @ 10:00,IFF,RONALD,
M105517,"STOCKBRIDGE, GA",SEGU4341180- HOT HOT HOT,3/6,ARGUS,3-10 @ 9:00,IFF,RICKY,
M105486,"IUKA, MS",SEGU4723795,3/5,MSC VIGO,3-10 @ 00:00,IFF,CURT,
M105514,"MYRTLE BEACH, SC",TLLU4925052 (LFD 3-14),3/6,ARGUS,3-11 @ 8:30,IFF,RICKY,
M105570,"GREENVILLE, SC",WHSU6522436,03/07,WAN HAI A12,3-11 8:00,GDE,MP,
M105488,"DULUTH, GA",GAOU7311345,3/6,ARGUS,3-11 @ 9:00,IFF,MAC,
M105485,"DULUTH, GA",TXGU7755687 (LFD 3-14),3/6,ARGUS,3-12 @ 9:00,IFF,MAC,
M105487,"IUKA, MS",MSMU8175824 (LFD 3-12),3/5,MSC VIGO,3-12 @ 00:00,IFF,CURT,
M105516,"MARIETTA, GA",TCKU6207070 (LFD 3-13),3/6,ARGUS,3-12 @ 9:00- 4:00,IFF,MP TRANS,
M105571,"GREENVILLE, SC",WHSU5822130,3/7,WAN HAI A12,3-11 @ 11:00,GDE,MP,
M105484,"DULUTH, GA",FCIU9584456 (LFD 3-14),3/6,ARGUS,3-13 @ 9:00,IFF,MAC,
M105685,"SPARTANBURG, SC",TCLU7031357 ,3/7,MAERSK KENSINGTON,3-13 @ 8:00,GDE,MP TRANS,
M105530,"PLAINFIELD, IN",HLBU9816108 (40FT REFER),03/07,MAERSK WELLINGTON,3-11 @ 1:00,GDE,NILSON,
M105683,"ANDERSON, SC",ONEU1281090 (LFD 3-13),03/09,HYUNDAI HONGKONG,3-14 @ 9:00,GDE,MAC,
M105641,"HIGH POINT, NC",ZCSU7563433 (LFD 3-14),03/11,ZIM MT ELEBRUS,3-14 @ 00:00,GDE,MP TRANS,
M105481,"IUKA, MS",UETU6016644 (LFD 3-12),3/6,ARGUS,3-14 @ 00:00,IFF,CURT,
M105531,"PLAINFIELD, IN",HLBU6010588 **(LFD 3-11)**,03/07,MAERSK WELLINGTON,3-13 @ 00:00,GDE,NILSON,
E105639,"MORRISTOWN, TN",BOOKING- 250906830,C/O 3-14,WIELAND,3-13 @ 9:00,GDE,NILSON,
E105638,"MORRISTOWN, TN",BOOKING- 250906830,C/O 3-14,WIELAND,3-13 @ 8:00,GDE,NILSON,
M105548,"MT. STERLING, KY",HLXU1327659,3/7,NINGBO EXPRESS,3-13 @ 9:00,IFF,NILSON,
M105690,"MYRTLE BEACH, SC",SEKU4390493 (LFD 3-13),03/09,HMM HOPE,3-17 @ 11:00,GDE,BOBS,
M105489,"ATLANTA, GA ",FFAU3173717 (LFD 3-14),3/6,ARGUS,3-17 @ 12:00,MP TRANS,IFF,
"E105682
","INMAN, SC",BOOKING- 2756995770,C/O 3-20,EVER SMILE: ERD 3-13,3-18 @ 9:00,CURTIS,HORIZON,
E105713,"BUFORD, GA",BOOKING- 90325740- NON USED,C/O 3-21,SEASPAN SAIGON,3-17 @ 00:00,CURT,GDE,
M105687- UPDATE RC FOR PP! ,"WESTMINISTER, SC",MSNU6041270 (LFD 3-13),3/9,HYUNDAI HONGKONG,3-18@ 8:00,MAC,NTG,
E105717,"MORRISTOWN, TN",BOOKING-251419282,C/0 2-20,MAERSK MONTE LONZOR,3-20 @ 8:00,CURT,GDE,
M105754,"GAFFNEY, SC",TGBU9348754 ,3/18,SUSPANE EXPRESS,3-21 @ 00:00,MAC,GDE,
M105518,"IUKA, MS",TRHU5676738,3/20,ONE TRITON,3-21 @ 00:00,CURT,IFF,
M105643,"PLAINFIELD, IN",HLBU9924761,3/15,MAERSK INVERNESS,3-19 @ 2:00 ,RICKY,GDE,
M105642,"PLAINFIELD, IN",HLBU9521175,3/15,MAERSK INVERNESS,3-18 @ 13:00,NILSON,GDE,
M105644,"PLAINFIELD, IN",HLBU9927210,3/15,MAERSK INVERNESS,3-20 @ 10:00,NILSON,GDE,
E105788,"LADSON, SC",BOOKING- 30738504  (FANU3842415),C/O PENDING,AL MANAMAH,3-24 @ 10:00,BOBS,IFF,
M105645,"NORTH CHARLESTON, SC",EISU8347594,3/20,ONE TRITON,3-24 @ 11:00,BOBS,IFF,
E105777,"BUFORD, GA",BOOKING- 90325740 (UAEU9612193),C/O 3-27,POLAR ECUADOR,3-24 @ 8:00,CURT,GDE,
M105640,"STOCKBRIDGE, GA",TGBU6744330,3/20,ONE TRITON,3-24 @ 9:00,MAC,IFF,
M105519,"IUKA, MS",TCLU8856584,3/20,ONE TRITON,3-24 @ 00:00,RICKY,IFF,
M105534,"ATLANTA, GA",TGCU0000864- OFF HIRE CG,3/20,ONE TRITON,3-25 @ 9:00,RICKY,IFF,
E105714,"BUFORD, GA",BOOKING- 90325740 (HLBU8246649),C/O 3-27,POLAR ECUADOR,3-25 @ 8:00,CURT,GDE,
M105755,"STOCKBRIDGE, GA",TRHU4153861 (LFD 3-28),3/23,EVER SMILE,3-26 @ 9:00,MAC,IFF,
E105715,"BUFORD, GA",BOOKING- 90325740 (HLBU8116922),C/O 3-27,POLAR ECUADOR,3-26 @ 8:00,CURT,GDE,
M105756,"STOCKBRIDGE, GA",SEGU4701055,3/23,EVER SMILE,3-27 @ 9:00,MAC,IFF,
M105780,"ARDEN, NC",ZCSU7798401,3/25,ZIM MT RAINER,3-28 @ P/R,CURTIS,,
M105573,"DULUTH, GA",CCLU7704298,3/23,EVER SMILE,3-28 @ 1:00,RICKY,IFF,
M105483,"DULUTH, GA",OOCU8613036,3/23,EVER SMILE,3-28 @ 9:00,MP,IFF,
M105572,"DULUTH, GA",CBHU7056683,3/23,EVER SMILE,3-27@ 1:00,RICKY,IFF,
E105814,"MORRISTOWN, TN",BOOKING- 251750756 (MRKU8939004),C/O 3-28,MAERSK MONTE AZUL,3-27 @ 8:00,NILSON,GDE,
E105815,"MORRISTOWN, TN",BOOKING- 251750756 (TEMU3893155),C/O 3-28,MAERSK MONTE AZUL,3-27 @ 9:00,NILSON,GDE,
M105482,"DULUTH, GA",OOCU8519035,3/23,EVER SMILE,3-31 @ 9:00,MP TRANS,IFF,
M105578,"IUKA,MS",NYKU0774705 (LFD 3-28),3/23,EVER SMILE,3-31 @ 00:00,CURTIS,IFF,
M105646,"DULUTH, GA",CSNU7205759,3/23,EVER SMILE,3-31 @ 1:00,RICKY,IFF,
M105580,"DULUTH, GA",OOCU7830227,3/23,EVER SMILE,4-1@ 9:00,RICKY,IFF,
M105778,"ARDEN, NC",TGBU2724572 (20FT- LFD 3-31),3/25,ZIM MT RAINER,4-1 @ 8:00,NILSON,GDE,
M105779,"ARDEN, NC",ZCSU7901227,3/25,ZIM MT RAINER,3-31 @ 8:00,NILSON,GDE,
 M105853,"MOORESVILLE, NC",MRKU0211202,3/27,MAERSK DANUBE , 4-2 @ 00:00,CURT,GDE,
M105797,"GREER, SC",TRHU6543370 ,3/28,ZIM SPINEL,4-2 @ 10:00,RICKY,,
M105257,"MT, AIRY, NC",CMAU7400066 (LFD 4-3),3/30,COSCO EXCELLENCE,4-3 @ 00:00,CURTIS,SFI,
M105852,"ANDERSON, SC",ONEU0058837 (LFD 4-2),3/28,ONE RESUARRANCE, 4-3 @ 9:00,RICKY,GDE,
M105758,"MT STERLING, KY",HLBU3951440 ,4/1,AL MANAMAH,4-3 @ 10:00,NILSON,IFF,
M105796,"ARDEN, NC",MSNU7513197 ,3/28,ZIM SPINEL,4-3 @ 9:00,NILSON,GDE,
M105575,"HICKORY, NC",TRHU4978841 ,4/1,BREMEN EXPRESS,4-4 @ 7:30,CURT,IFF,
M105795,"GREER, SC ",MSMU5733795 ,3/28,ZIM SPINEL,4-4 @ 10:00,RICKY,GDE,
M105306,"CONNELLY SPRINGS, NC",HASU4361245 (LFD 4-3),03/28,MAERSK DETRIOT,4-7 @ 00:00,RICKY,IFF,
M105307,"CONNELLY SPRINGS, NC",TCLU8861549 (LFD 4-3),03/28,MAERSK DETRIOT,4-4 @ 00:00,NILSON,IFF,
M105753,"LADSON, SC",CSNU7359097,4/7,BRIGHTON,4-8 @ 00:00,BOBS,IFF,
E105890,"LADSON, SC (BLG)",BOOKING- 90426799 (HAMU3727894),C/O 4-11,YATIAN EXRESS,4-8 @ 00:00,RONALD,IFF,
E105883,"MORRISTOWN, TN",BOOKING- 252130925,C/O TBA,RDO FORTUNE,4-7 @ 8:00,NILSON,GDE,
M105757,"MT STERLING, KY",TCKU3744497 (20FT HAZ) **OFF HIRE**,4/1,AL MANAMAH,4-7 @ 9:00,CURT,IFF,
M105792,"ARDEN,NC",UETU5271244 ,4/5,ZIM MOUNT BLANC,4-8 @ 8:00,MAC,GDE,
M105819,"GREENVILLE, SC",BMOU4981703 (HOT),4/3,EVER FAITH,4-8 @ 8:00,RICKY,GDE,
M105793,"ARDEN,NC",KSSU1009158 ,4/5,ZIM MOUNT BLANC,4-9 @ 8:00,MAC,GDE,
M105809,"IUKA, MS",GESU6527328 ,4/5,HERMANN SCHULTE,4-9 @ 00:00,CURT,IFF,
M105858,"STOCKBRIDGE, GA",CMAU3859329 (40FT HAZ),04/07,BRIGHTON,4-9 @ 9:00,NILSON,IFF,
M105579,"DULUTH, GA",TXGU7399360 ,3/23,EVER SMILE,4-10 @ 9:00,MAC,IFF,
M105794,"GREER, SC ",TRHU7719464 (LFD 4-9),4/5,ZIM MOUNT BLANC,4-10 @ 9:00,MP TRUCKING,GDE,
M105932,"WESTMINISTER, SC",GCXU2414928 (HAZ 20FT),4/7,AL SAFAT,4-11 @ 00:00,MP TRUCKING,FREIGHTEC,
M105691,"IUKA, MS",TCLU1642718 ,4/7,BRIGHTON,4-11 @ 00:00,CURT,IFF,
M105647,"GREENVILLE, SC (ATS)",CBHU9416412 (LFD 4-14),04/07,BRIGHTON,4-11 @ 9:00,MAC,IFF,
E105891,"GARDEN CITY, GA",BOOKING- 33863058 (7368064),C/O PENDING,POLAR ECUADOR,4-14 @ 9:00,RONALD,GDE,
E105894,"GARDEN CITY, GA",BOOKING- 33863058 ,C/O PENDING,POLAR ECUADOR,4-15 @ 9:00,RONALD,GDE,
E105892,"GARDEN CITY, GA",BOOKING- 33863058 (7368059),C/O PENDING,POLAR ECUADOR,4-14 @ 10:30,MP ,GDE,
E105893,"GARDEN CITY, GA",BOOKING- 33863058 (7368060),C/O PENDING,POLAR ECUADOR,4-14 @ 1:00,MP ,GDE,
M105576,"HICKORY, NC",TGBU4579473,4/11,ONE READINESS,4-15 @ 7:30,MAC,IFF,
M105811,"KENNESAW, GA",TCLU7244861 ,4/7,BRIGHTON,4-14 @ 00:00,CURT,IFF,
E105896,"GARDEN CITY, GA",BOOKING- 33863058 ,C/O PENDING,POLAR ECUADOR,4-15 @ 1:00,MP TRANS,GDE,
E105895,"GARDEN CITY, GA",BOOKING- 33863058 ,C/O PENDING,POLAR ECUADOR,4-15 @ 10:30,MP TRANS,GDE,
M105907,"GREER, SC (BMW)",MRKU9069948 (20ft),4/14,YANITIAN EXPRESS,4-16 @ 9:00,MAC,GDE,
M105649,"STOCKBRIDGE, GA",SUDU7571989 (20FT HAZ- LFD 4-17),4/11,MAERSK SENANG ,4/16/2025 @ 00:00,CURT,IFF,
M105908,"GREER, SC (BMW)",MSKU1617693 (40FT),4/14,YANITIAN EXPRESS,4-17 @ 9:00,MAC,GDE,
M105838,"GREER, SC",CXDU2045350 ,4/14,YANITIAN EXPRESS,4-17@11:00,CURT,IFF,
M105931,"MT. AIRY, NC",MSDU4048846  (OW 40FT),4/12,EPAMINONDAS ,4-16 @ 8:00,NILSON,IFF,
E105966,"MORRISTOWN, TN",BOOKING- 252572529,C/O 4-18,MSC TAMARO,4-17 @ 9:00,NILSON,GDE,
M105577,"NIOTA, TN",ONEU2228721 (20FT),4/11,ONE READINESS,4-17 @ 00:00,RICKY,IFF,
M105986,"ANDERSON, SC",ONEU1970504 ,4/11,ONE READINESS,4-18 @ 9:00,MP TRANS,GDE,
M105909,"GREENVILLE, SC (ATS)",TCNU7108332 (LFD 4-19),4/21,NINGBO EXPRESS,4-21 @ 9:00,BOBS,IFF,
M105906,"MT. STERLING, KY",HAMU2744475 (40FT HAZ/ LFD 4-19),4/14,YANITIAN EXPRESS,4-21 @ 8:00,RICKY,IFF,
M105905,"MT. STERLING, KY",CAIU6677177 (20FT HAZ/ LFD 4-19) SP,4/14,YANITIAN EXPRESS,4-21@ 9:00,CURT,IFF,
E105987,"INMAN, SC",FFAU5864045 - DROPPED ON YARD,C/O TBA,ARGUS,4-18 @ 9:00,MAC,HORIZON,
E106004,"SPARTANBURG, SC ",BOOKING- 252338922 PU- 169195 (MRKU5369382),C/O 4-24,SEASPAN SIAGON,4-22 @ 9:00,BOBS,GDE,
E106002,"SPARTANBURG, SC ",BOOKING- 252338922 PU- 169195 (MRKU2757492),C/O 4-24,SEASPAN SIAGON,4-22 @ 7:00- 12:00,ROJER,GDE,
E106005,"SPARTANBURG, SC ",BOOKING- 252338922 PU- 169195 (MRKU3468616),C/O 4-24,SEASPAN SIAGON,4-22 @ 10:00,MAC,GDE,
E106006,"SPARTANBURG, SC ",BOOKING- 252338922 PU- 1691951 (MRKU2274679),C/O 4-24,SEASPAN SIAGON,4-22 @ 12:00,RICKY,GDE,
E106008,"SPARTANBURG, SC ",BOOKING- 252338922 PU- 169196 (TRHU7950848),C/O 4-24,SEASPAN SIAGON,4-23 @ 9:00,BOBS,GDE,
E106009,"SPARTANBURG, SC ",BOOKING- 252338922 PU- 169196 (MRSU6052800),C/O 4-24,SEASPAN SIAGON,4-23 @ 10:00,MAC,GDE,
E106011,"SPARTANBURG, SC ",BOOKING- 252338922 PU- 169196 (MRKU3748710),C/O 4-24,SEASPAN SIAGON,4-23 @ 12:00,RICKY,GDE,
E105994,"SPARTANBURG, SC ",BOOKING- 252338922 PU- 169195 (SUDU6781810),C/O 4-24,SEASPAN SIAGON,4-21 PR 12:00,MP TRANS,GDE,
E105993,"SPARTANBURG, SC ",BOOKING- 252338922 PU- 169195 (MRSU5491053),C/O 4-24,SEASPAN SIAGON,4-21 PR 11:00,MP TRANS,GDE,
E105995,"SPARTANBURG, SC ",BOOKING- 252338922 PU- 169195 (MRSU4974782),C/O 4-24,SEASPAN SIAGON,4-21 PR 1:00,MP TRANS ,GDE,
E106003,"SPARTANBURG, SC ",BOOKING- 252338922 PU- 169195 (CAAU9240146),C/O 4-24,SEASPAN SIAGON,4-22 @ 11:30,MP,GDE,
E106010,"SPARTANBURG, SC ",BOOKING- 252338922 PU- 169196 (MRSU5575880),C/O 4-24,SEASPAN SIAGON,4-23 @ 11:00,MP,GDE,
M105810,"DULUTH, GA",OOCU8406661,4/26,MOL PROFICIENCY ,4-29 @9:00,MAC,IFF,
M105999,"PORTLAND, TN",CAAU8591927,4/21,NINGBO EXPRESS,4-25@ 00:00,NILSON,GDE,
M106000,"PORTLAND, TN",FANU1183371,4/21,NINGBO EXPRESS,4-25@ 00:00,NILSON,GDE,
E106001,"HUDSON, NC",BOOKING- 6415484270,C/O 4-30,OOCL BERLIN, 4-29 @ 9:00,MP,GDE,
M105911,"IUKA, MS",ONEU5508449,4/26,MOL PROFICIENCY ,4-29 @00:00,CURT,IFF,
M105997,"STOCKBRIDGE, GA",CMAU3756681 ,4/26,MOL PROFICIENCY ,4-30  @ 9:00,MAC,IFF,
M105972,"STOCKBRIDGE, GA",SUDU6758039,4/29,SUAPE EXPRESS,5-1 @ 9:00,MAC,IFF,
M105996,"STOCKBRIDGE, GA",CMAU9765166 ,4/26,MOL PROFICIENCY ,5-1 @ 11:00  ,CURT,IFF,
M105998,"PORTLAND, TN",HLBU2856270 ,4/21,NINGBO EXPRESS,4-28@ 00:00,NILSON,GDE,
M106044,"ANDERSON, SC",CAAU9187890 - LFD 4/29,4/25,MAERSK SKELETAR,4-30 @ 9:00,MP,GDE,
M105790,"ARDEN,NC",DFSU6301392,4/29,ZIM USA W12,5-2 @ 9:00,MAC,GDE,
M106042,"CHARLOTTE, NC",SKIU9117823,4/29,SUAPE EXPRESS,5-2 @ 10:00,CURTIS,GDE,
E106057,MORRISTOWN TN,BOOKING - 253182789: MRKU9213119,C/O 5-2,WEILAND,5-1 @ 9:00,NILSON,GDE,
E106072,"RICEBORO, GA",BOOKING- 39062721: FTAU1185207,TBA,POLAR ECUADOR,4-30@ 10:00,NILSON,GDE,
E106073,"RICEBORO, GA",BOOKING- 39062721: UACU4009451,TBA,POLAR ECUADOR,4-30@ 10:00,NILSON,GDE,
E106074,"RICEBORO, GA",BOOKING- 39062721: HLBU2930335,TBA,POLAR ECUADOR,4-30@ 10:00,MP,GDE,
E106076,"RICEBORO, GA",BOOKING- 39062721: HLBU2279938,TBA,POLAR ECUADOR,5-1 @ 8:00,MP,GDE,
E106075,"RICEBORO, GA",BOOKING- 39062721: FCIU4595268,TBA,POLAR ECUADOR,5-1 @ 8:00,BOBS,GDE,
E106077,"RICEBORO, GA",BOOKING- 39062721: TRHU2020371,TBA,POLAR ECUADOR,5-2 @ 7:00,MP,GDE,
M105988,"GREENVILLE, SC",FANU3820416 (LFD 5-4),4/29,SUAPE EXPRESS,5-5 @ 9:00,BOBS,IFF,
M105791,"ARDEN,NC",TRHU3248999 *20FT* (LFD 5/2) ,4/29,ZIM USA W12,5-5 @ 9:00,MAC,GDE,
M105910,"NORTH CHARLESTON, SC",TRHU6751902,5/3,ARGUS,5-6 @ 9:00,RONALD,IFF,
M106023,"MT. STERLING, KY",TXGU7009841 **40FT HAZ** (LFD 5/4),4/29,SUAPE EXPRESS,5-5 @ 9:00,NILSON,IFF,
M105948,"WINSTON SALEM, NC",TGBU8013442 (LFD 5/6),4/30,MSC ANGELA,5-5 @ 8:00,NILSON,IFF,
M106101,"MT AIRY, NC",NYKU5280048 ,5/1,ONE RECOMMENDATION,5-7 @ 8:00,MAC,GDE,
M106116,"ANDERSON, SC",ONEU1833224 ,5/1,ONE RECOMMENDATION,5-7 @ 9:00,RICKY,GDE,
E106096,"SPARTANBURG, SC",BOOKING- 23130216: HAMU1631371 ,C/O TBA,AL MANAMAH,5-5 @ 12:00,MP,GDE,
E106097,"SPARTANBURG, SC",BOOKING- 23130216: FANU3820416 ,C/O TBA,AL MANAMAH,5-5 @1:00,BOBS,GDE,
E106098,"SPARTANBURG, SC",BOOKING- 23130216: HAMU3317570,C/O TBA,AL MANAMAH,5-6 @ 9:00,MAC,GDE,
E106099,"SPARTANBURG, SC",BOOKING- 23130216: HAMU2122487,C/O TBA,AL MANAMAH,5-6 @ 10:00,RICKY,GDE,
E106100,"SPARTANBURG, SC",BOOKING- 23130216: FFAU2107351,C/O TBA,AL MANAMAH,5-8 @11:00,MP,GDE,
M105854,"DULUTH, GA",CSNU6016241,5/3,ARGUS,5-8 @ 9:00,MAC,IFF,
M106032,"MOORESVILLE, NC",MRKU7950170 *20FT* (LFD 5/7),5/4,PORTO GERMENO,5-8 @ 00:00,RICKY,GDE,
M105789,"ARDEN,NC",ZCSU2745420 ,5/6,ZIM MT FUJI,5-9 @9:00 ,MAC,GDE,
M106037,"KENNESAW, GA",ECMU7708236 - (LFD 5/8),5/3,ARGUS,5-9 @ 7:00,CURT,IFF,
M105912,"ARDEN,NC",GLDU7420330- (LFD 5-9),5/6,ZIM MT FUJI,5-12 @ 9:00,MAC,GDE,
M106015,"DULUTH, GA",HAMU2802951,5/5,KIEL EXPRESS,5-12 @ 9:00,CURT,IFF,
M106014,"DULUTH, GA",HAMU1613362,5/5,KIEL EXPRESS,5-12 @ 9:00,RICKY,IFF,
M106016,"ATLANTA, GA",FANU3795524  (LFD 5-14),5/5,KIEL EXPRESS,5-13 @ 12:00,CURT,IFF,
M106159,"MT. AIRTY, NC",MSDU1700694 (LFD 5-13),5/7,MSC MICHAELA,5-13 @ 00:00,MAC,GDE,
E106216,"CHARLOTTE, NC",BOOKING- 253747957: TLLU4067267,C/O 5/16,AL SAFAT,5-14 @ 9:30,RICKY,GDE,
M106161,"SPARTANBURG, SC",MSMU6563456 (LFD 5-14),5/10,MSC INIYA,5-15 @7:00,MP ,GDE,
M105837,"MT. AIRY, NC",GLDU5226814- OW 20FT (LFD 5-15),5/8,ZIM GEMINI,5-14 @ 00:00,NILSON,SFI,
M106172,"DULUTH, GA",HLBU1327158 (LFD 5-20),5/12,AL MANAMAH,5-15 @ 9:00,RICKY,IFF,
M105836,"MT. AIRY, NC",TRHU3266919 20FT (LFD 5-14),5/8,ZIM GEMINI,5-14 @ 00:00,CURTIS,SFI,
M106160,"SPARTANBURG, SC",MSMU4594191,5/10,MSC INIYA,5-16 @ 7:00,RICKY,GDE,
M106164,"STOCKRBRIDGE, GA",CMAU7268900 (OW 40F),5/14,ONE TRITON,5-16 @ 11:00,CURT,IFF,
M105916,"HICKORY, NC",NYKU3646035,5/12,ONE MOTIVATOR,5-16 @7:30,MP,IFF,
E106207,"LADSON,SC (BLG)",BOOKING- 64420403,ERD 5-16,YANTIAN EXPRESS,5-19 @ 10:00,BOBS,IFF,
M105927,"DULUTH, GA",OOLU9780570 (LFD 5-21),5/14,ONE TRITON,5-19 @ 9:00,MAC,IFF,
M105938,"IUKA, MS",TRHU4026682 (LFD 5-19) ,5/14,ONE TRITON,5-19 @ 00:00,CURT,IFF,
M106162,"CORBIN, KY",OOLU2004580- (LFD 5-21),5/14,ONE TRITON,5-19 @ 7:00 ,RICKY,GDE,
E106236,"SPARTANBURG, SC",BOOKING- 17212075,C/O 5-23,YATIAN EXPRESS,5-20 @ 9:00,MAC,GDE,
M106240,"ANDERSON, SC",ONEU0793169 (LFD 5-17),5/12,ONE MOTIVATOR,5-19 @ 9:00 ,RICKY,GDE,
M106185,"STOCKRBRIDGE, GA",CMAU6844507 (HOT),5/19,EVER SMILE,5-21 @ 9:00,MAC,IFF,
M106225,"NORTH CHARLESTON, SC",SEGU5484798,5/19,EVER SMILE,5-22 @ 9:00,CURT,IFF,
E106282,"SPARTANBURG, SC",BOOKING- 252635172,C/O 5-23,POLAR ECUADOR,5-22 @ 10:00,MAC,GDE,
M105926,"IUKA, MS",ONEU5841444 ,5/14,ONE TRITON,5-21 @ 00:00,CURT,IFF,
E106237,"SPARTANBURG, SC",BOOKING- 17212075,C/O 5-23,YATIAN EXPRESS,5-21 @ 9:00,RICKY,GDE,
E106168,"SPARTANBURG, SC",BOOKING-EBKG12682592,C/O 5-23,MSC ALMA,5-21 @ 8:00,BOBS,GDE,
E106167,"SPARTANBURG, SC",BOOKING-EBKG12682592,C/O 5-23,MSC ALMA,5-21 @ 7:00,MP,GDE,
M105913,"NIOTA, TN",FFAU1444933-  (LFD 5-17),5/12,ONE MOTIVATOR,5-19 @ 7:00-2:00,NILSON,IFF,
M105949,"CONNELLY SPRINGS, NC",MRKU5827295 (LFD 5-22),5/16,MAERSK CHICAGO,5-22 @ 8:00,RICKY,IFF,
M106171,"ARDEN, NC",ZCSU7200103,5/20,ZIM MOUNT EVEREST,5-23 @ 9:00,MAC,GDE,
M105989,"IUKA, MS",TLLU5478787- **DIVERT!**,5/19,EVER SMILE,5-23 @ 00:00,CURT,IFF,
E106284,"IUKA,MS- DIVERSION",BOOKING-RICFX6699500 ,C/O TBA,BRIGHTON,5-23 @ 00:00,CURT,,
M106270,"ARDEN,NC",OOLU8969363,5/20,CMA HYDRA,5-27 @ 9:00,MAC,GDE,
E106293,"INMAN, SC",BOOKING- 2760598140,C/O 5/28,BRIGHTON,5-27 @ 9:00,CURT,HORIZON,
E106283,"SPARTANBURG, SC",BOOKING- 252635172,C/O 5-23,POLAR ECUADOR,5-23 @ 11:00 PR,RICKY,GDE,
M106165,"PLANFIELD, IN",HLBU9730030 (LFD 5-20),5/17,SPIRIT OF MELBOURNE,5-22 @ 11:00,NILSON,GDE,
M106166,"PLANFIELD, IN",HLBU9903096 ,5/17,SPIRIT OF MELBOURNE,5-22 @ 10:00,NILSON,GDE,
E106300,"SPARTANBURG, SC",BOOKING- 254483061,,POLAR ECUADOR,5-28 @ 8:00,RICKY,GDE,
M105971,"CONNELLY SPRINGS, NC",MRSU5596218 (LFD 5-22),5/16,MAERSK CHICAGO,5-23 @ 8:00- 2:30,NILSON,IFF,
M106175,"IUKA,MS",TCLU6512403,5/27,NYK RIGEL,5-28 @ 00:00,CURT,IFF,
M106170,"ARDEN, NC",ZCSU7722448,5/24,ZIM MOUNT VISION,5-29 @ 9:00,MAC,GDE,
M106233,"STOCKRBRIDGE, GA",TGHU9455369 (OW 40FT),5/27,NYK RIGEL,5-29 @ 9:00,MP TRANS,IFF,
M106308,"MYRTLE BEACH, SC",TLLU4251438- ON AIM YARD! ,3/2,EVER FOND,5-29 @ 4:30,BOBS,GDE,
M106302,"NORTH CHARLESTON, SC",BMOU6288529,5/27,NYK RIGEL,5-29 @ 12:00,RONALD,IFF,
M106303,"NORTH CHARLESTON, SC",YMLU8938369- LFD 6-3,5/27,NYK RIGEL,5-30 @ 9:00,BOBS,IFF,
M106234,"STOCKRBRIDGE, GA",SEKU6357534 (HAZ),5/27,NYK RIGEL,5-30 @ 9:00,RICKY,IFF,
M106301,"GREENVILLE,SC",CMAU8804606-  LFD 5-29,5/26,EVER FAVOR,5-30 @ 8:00,MP TRANS,IFF,
M106169,"ARDEN, NC",ZCSU7424799,5/24,ZIM MOUNT VISION,5-30 @ 9:00,MAC,GDE,
M106219,"HICKORY, NC",GCXU2322056- LFD 5-29 ,5/24,TUCAPEL,5-30 @ 7:30,CURT,IFF,
M106274,"SPRUCE PINE, NC",FCIU7006490- ON AIM YARD!!,5/20,ZIM MT EVERST,5-28 @ 00:00,RICKY,NTG,
M106273,"SPRUCE PINE, NC",MEDU7957126 - ON AIM YARD!!,5/20,ZIM MT EVEREST,5-28 @ 00:00,NILSON,NTG,
M106224,"LADSON, SC",OOCU7663222- HOT HOT HOT,5/30,BRIGHTON,6/2/2025 @ 9:00,LOCAL,IFF,
M106272,"PLANFIELD, IN",HLBU9978006 (40FT REFER),5/23,MAERSK WELLINGTON ,5-29 @9:00,NILSON,GDE,
M106304,"GREER, SC",FANU1670385 (HAZ) LFD 6-1,5/27,YATIAN EXPRESS,6-2 @ 9:00,RICKY,GDE,
M106306,"DULUTH, GA",HLBU6207659 -40FT REFER: LFD 5-31,5/27,YATIAN EXPRESS,6-2 @ 9:00,MAC,IFF,
M106174,"IUKA,MS",NYKU0739520- LFD 6-1,5/27,NYK RIGEL,6-2 @ 00:00,CURT,IFF,
M105950,"CONNELLY SPRINGS, NC",FANU1715638- LFD 5-29 **OW**,5/24,TUCAPEL,5-30 @ 00:00,NILSON,IFF,
M106345,"STOCKBRIDGE, GA",TXGU7300538,5/30,BRIGHTON,6-3 @ 11:00,MP,IFF,
M106344,"STOCKBRIDGE, GA",CMAU9280801,5/30,BRIGHTON,6-3 @ 9:00,MAC,IFF,
M106208,"GREENVILLE,SC",FANU3305210 ,5/27,YATIAN EXPRESS,6-3 @ 9:00,PARLA,IFF,
M106305,"WESTMINISTER, SC",HLBU3790069 20FT,5/27,YATIAN EXPRESS,6-3 @ 9:00,RICKY,NTG,
M106346,"STOCKBRIDGE, GA",TRHU7151707,5/30,BRIGHTON,6-4 @9:00,MAC,IFF,
M106271,"PLANFIELD, IN",HLBU9769310,5/30,MAERSK IVERNESS,6-2 @ 9:00,NILSON,GDE,
M106163,"IUKA, MS",KKFU7880483 (LFD 6-4),5/30,BRIGHTON,6-4 @ 00:00,CURT,IFF,
E106370,"GREENSBORO, NC",BOOKING- 78372629 ,C/O 6-6,SUAPE EXPRESS,6-5 @ 9:00,RICKY,IFF,
M106354,"SPARTANBURG, SC",UETU6061480 (LFD 6-5),5/31,MSC YAMUNA,6-6 @ 7:00,RICKY,GDE,Billed
M106391,"DULUTH, GA",HLBU9325850,6/2,NINGBO EXPRESS,6-6 @ 9:00,CURT,IFF,Billed
M106538,"SPARTANBURG, SC",CAIU9039469 (LFD 6-7),6/3,ZIM MOUNT KILIMANJARO,6-9 @ 8:00,RICKY,GDE,"Billed, DP?"
M106355,"SPARTANBURG, SC",MSNU6124210 (ON AIM YARD),5/31,MSC YAMUNA,6-9 @ 7:00,BRANDON,GDE,PP? DP?
M106176,"ARDEN, NC",FSCU8099497,6/3,ZIM MOUNT KILIMANJARO,6-9 @ 9:00,MAC,GDE,Billed.
M106177,"ARDEN, NC",CAIU9220008 (LFD 6-7),6/3,ZIM MOUNT KILIMANJARO,6-9 @ 10:00,CURTIS,GDE,billed
M106356,"SPARTANBURG, SC",TXGU5448336 (ON AIM YARD),5/31,MSC YAMUNA,6-10 @ 7:00,BRANDON,GDE,
M106357,"SPARTANBURG, SC",TLNU2194737 ,6/3,ZIM MOUNT KILIMANJARO,6-10 @ 8:00 ,RICKY,GDE,
E106403,"SPARTANBURG, SC",BOOKING-EBKG13093110,C/O: 6/11,MSC PEGASUS,6-10 @ 8:00 ,MAC,GDE,
M106360,"ATLANTA, GA",HLBU9478850 (40FT REFER),6/2,NINGBO EXPRESS,6-6 @11:00,NILSON,IFF,Awaiting PW
M106353,"SPARTANBURG, SC",MSNU7472354,5/31,MSC YAMUNA,6-11 @ 7:00,MAC,GDE,
M106373,"IUKA, MS",FFAU1684298,6/7,MSC ELA,6-11 @ 00:00,CURT,IFF,
E106412,"RICEBORO, GA",BOOKING- 29099086/ GDE169888,C/O: TBA,SEASPAN SIAGON,6-10 @ 9:00,NILSON,GDE,
E106413,"RICEBORO, GA",BOOKING- 29099086/ GDE169889,C/O: TBA,SEASPAN SIAGON,6-10 @9:00 P&R,MP,GDE,
E106414,"RICEBORO, GA",BOOKING- 29099086/ GDE169890,C/O: TBA,SEASPAN SIAGON,6-11 @ 8:00,RICKY,GDE,
E106415,"RICEBORO, GA",BOOKING- 29099086/ GDE169892,C/O: TBA,SEASPAN SIAGON,6-11 @8:00,BRANDON,GDE,
E106410,"RICEBORO, GA",BOOKING- 29099086/ GDE169881,C/O: TBA,SEASPAN SIAGON,6-11@ 8:00,BOBS,GDE,
E106411,"RICEBORO, GA",BOOKING- 29099086/ GDE169886,C/O: TBA,SEASPAN SIAGON,6-11 @8:00,PARLA,GDE,
M106406,"NORTH CHARLESTON, SC",YMMU6627567 - LFD 6/16,6/9,ARGUS,6-12 @ 11:00,BRANDON,IFF,
M106386,"DULUTH, GA (DOBLA)",HLBU9332994 (40FT REFER),6/9,SUAPE EXPRESS,6-13 @9:00,MAC,IFF,
M106362,"LIBERTY, SC",CAAU8131921 (ON AIM YARD),6/2,NINGBO EXPRESS,6-12 before noon,PARLA,GDE,
M106379,"STOCKBRIDGE, GA",ECMU7693141- HAZ MAT,6/9,ARGUS,6-12 @ 9:00,MP,IFF,
M106372,"ATLANTA, GA",EMCU1506876 - LFD 6/16,6/9,ARGUS,6-12 @ 8:00,RICKY,IFF,
M106359,"IUKA, MS",TRHU8241889- LFD 6/14,6/9,ARGUS,6-13 @ 00:00,CURT,IFF,
M106384,"GREENVILLE, SC",GATU8796341,6/9,SUAPE EXPRESS,6-13 @ 9:00,BRANDON,IFF,
M106178,"ARDEN, NC",BSIU9772050,6/13,ZIM MT OLYMPUS,6-16 @ 8:00,MAC,GDE,
M106374,"MT STERLING, KY",HAMU3012925 (40FT HAZ- LFD 6-13),6/9,SUAPE EXPRESS,6-16 @ 8:00,RICKY,IFF,
M106382,"DULUTH, GA",FANU1914990,6/9,SUAPE EXPRESS,6-16 @ 9:00,CURT,IFF,
M106179,"ARDEN, NC",ZCSU6942807,6/13,ZIM MT OLYMPUS,6-17 @ 8:00,MAC,GDE,
M106381,"HICKORY, NC",MRKU6941070,6/13,MAERSK SENTOSA- NC,6-17 @ 7:30,BRANDON,IFF,
M106469,"ANDERSON, SC",MRSU5795863,6/13,MAERSK SENTOSA,6-18 @ 9:00,BRANDON,,
M106371,"SPARTANBURG, SC",JXJU3284682 (20FT),6/13,ZIM MT OLYMPUS,6-18 @ 7:00,MAC,GDE,
M106407,"DULUTH, GA",CAIU9035674,6/16,KIEL EXPRESS,6-18 @ 9:00,CURT,IFF,
E106459,"SPARTANBURG, SC",BOOKING- 20953163 (GDE170408),C/O PENDING,AL MANAHAN,6-16 @ 1:00 BACKHAUL,CURT,GDE,
E106458,"SPARTANBURG, SC",BOOKING- 20953163 (GDE170407),C/O PENDING,AL MANAHAN,6-16 @ 7:00,BRANDON,GDE,
E106461,"SPARTANBURG, SC",BOOKING- 20953163 (GDE170410),C/O PENDING,AL MANAHAN,6-17 @ 9:00- PR,CURT,GDE,
E106462,"SPARTANBURG, SC",BOOKING- 20953163 (GDE170411),C/O PENDING,AL MANAHAN,6-17 @ 8:00,RICKY,GDE,
E106460,"SPARTANBURG, SC",BOOKING- 20953163 (GDE170409),C/O PENDING,AL MANAHAN,6-18 @ 7:00,RICKY,GDE,
M106408,"DULUTH, GA",BSIU9594385,6/16,KIEL EXPRESS,6-19 @ 9:00,MAC,IFF,
M106463,"GREENVILLE, SC",EGSU1188115 (OW 40FT),6/18,EVER FULL,6-20 @ 9:00,RICKY,GDE,
M106385,"ATLANTA, GA",GCXU5935426,6/16,KIEL EXPRESS,6-19 @ 10:00,BRANDON,IFF,
M106497,"SPARTANBURG, SC",MSMU4186883,6/19,MSC MEXICO,6-23 @ 7:00,BRANDON,,
M106436,"ROCK HILL, SC",TGBU4404135,6/9,ARGUS,6-20 @ 9:00,CURT,GLOBALOG,
M106375,"NORTH CHARLESTON, SC",DFSU6771499,6/23,ONE TRITON,6-24 @ PR,RICKY,IFF,
M106443,"BENNETTSVILLE, SC",TEMU1843026,6/21,ONE IBIS,6-25 @ 7:00,MAC,GDE,
E106502,"TUSCALOOSA, AL",BOOKING- 31548146 (20FT HAZ),C/O 6-27,AL SAFAT,6-24 @ 10:00,CURT,,
M106430,"BLYTHEWOOD, SC",TCNU5228447,6/23,ONE TRITON,6-25 @ 00:00,RICKY,,
M106431,"BLYTHEWOOD, SC",TRHU7059099,6/23,ONE TRITON,6-26 @ 00:00,RICKY,,
M106383,"IUKA, MS",TEMU7240591 **RELOAD!!**,6/23,ONE TRITON,6-24/6-25 @ 00:00,BRANDON,IFF,
E106512,"IUKA, MS RELOAD",BOOKING- RICFBF254900- (TEMU7240591),C/O: 7-1,MOL PROFICIENCY,6-25,BRANDON,,
M106376,"ATLANTA, GA (M&W)",OOLU6495141 (40FT REFER)- pool genset,6/23,ONE TRITON,6-26 @ 9:00,CURT,IFF,
M106498,"ATLANTA, GA (M&W)",HLBU1544385,6/23,AL MANAHAN,6-26 @ 11:00,BRANDON,,
M106377,"DULUTH, GA (IN2F)",TEMU9372940 (40FT REFER)- pool genset,6/23,ONE TRITON,6-26 @ 9:00,MAC,IFF,
M106583,"ROCK HILL, SC",HLXU5659590,6/23,AL MANAHAN,6-27 @ 9:30,RICKY,,
M106516,"CHARLOTTE, NC",TEMU4927476 (20FT) **LFD 7-1**,6/23,ONE TRITON,6-27 @ 12:00,CURT,,
M106581,"ROCK HILL, SC",,6/23,AL MANAHAN,6-27 @ 7:30,MAC,,
M106582,"ROCK HILL, SC",TEXU1540614- PERMIT,6/23,AL MANAHAN,6-27@ 8:30,BRANDON,,
M106554,"HEATH SPRINGS, SC",MRSU4853224,6/23,AL MANAHAN,6-30 @ 8:00,BRANDON,GDE,
M106173,"ATHENS, GA",UETU5476959,6/3,OSLA TRADER,6-30 @ 8:00,MAC,IFF,
M106504,"NORTH CHARLESTON, SC",TXGU5548016,6/27,EVER SMILE,7-1 BY 3PM,BOBBY,IFF,
M106390,"IUKA, MS",TLLU5499100,6/27,EVER SMILE,6-30/ 7-1 @ 00:00,CURT,IFF,
M106378,"RUTHERFORD COLLEGE, NC",TCKU7846007,6/26,MAERSK DETRIOT,6-30 @ 8:00,NILSON,IFF,
E106503,"LADSON, SC",BOOKING- 32357716,C/O 7-3,YATIAN EXPRESS ,7-2 @ 10:00,BOBS,,
M106507,"DULUTH, GA",HLBU9211708,6/30,AL SAFAT,7-2 @ 9:00,MAC,IFF,
M106598,"SPARTANBURG, SC",TRHU8657330,6/29,MSC NAGOYA,7-2 @ 7:00,CURTIS,,
M106600,"CARTHAGE, NC",TGBU7161321,6/26,ZIM SCORPIO,7-2 @ 8:00,BRANDON,,
M106409,"ATLANTA, GA",OOCU7433472,6/27,EVER SMILE,7-1 @ 12:00,BRANDON,IFF,
M106599,"SPARTANBURG, SC",BEAU5834657 LFD 7-2,6/29,MSC NAGOYA,7-3 @ 7:00,MAC,,
E106515,"SENECA, SC",BOOKING- NAM7801121 ,C/O: 7/9,CMA OTELLO,7-3 @10:00 ,BOBBY,,
M106509,"DULUTH, GA",HLBU9276062 (40 REFER)- HOT HOT HOT! ,6/30,AL SAFAT,7-3 @ 9:00,CURT,IFF,
M106609,"GREENVILLE, SC",GDE171630: HLBU8148241- LFD 7-5,6/30,AL SAFAT,7-7 @ 8:00,BRANDON,GDE,
M106610,"GREENVILLE, SC",GDE171632: HLBU8151517- LFD 7-5,6/30,AL SAFAT,7-7 @ 9:00,MP,GDE,
M106611,"GREENVILLE, SC",GDE171633: HLBU8152920- LFD 7-5,6/30,AL SAFAT,7-7 @ 10:00,RICKY,GDE,
M106612,"GREENVILLE, SC",GDE171634: QIBU1242469- LFD 7-5,6/30,AL SAFAT,7-7 @ 11:00,MP,GDE,
M106604,"GREENVILLE, SC",GDE171624: HLBU8056320 - LFD 7-5,6/30,AL SAFAT,7-3 @ 8:00,PARLA,GDE,
M106605,"GREENVILLE, SC",GDE171625: HLBU8069374- LFD 7-5,6/30,AL SAFAT,7-3 @ 9:00,PALRA,GDE,
M106606,"GREENVILLE, SC",GDE171626: HLBU8102873- LFD 7-5,6/30,AL SAFAT,7-3 @ 10:00,PARLA,GDE,
M106607,"GREENVILLE, SC",GDE171628: HLBU8103798- LFD 7-5,6/30,AL SAFAT,7-3 @ 11:00,NILSON,GDE,
M106608,"GREENVILLE, SC",GDE171629: HLBU8136180- LFD 7-5,6/30,AL SAFAT,7-3 @ 1:00,RICKY,GDE,
M106614,"ARDEN, NC",ZCSU6736215- LFD 7-8,7/1,ZIM SAMMY OFFER,7-7 @ 1:00 PR,MAC,GDE,
M106613,"ARDEN, NC",ZCSU6923920- LFD 7-8,7/1,ZIM SAMMY OFFER,7-8 @ 8:00,MAC,,
M106508,"DULUTH, GA",HLBU9123295,6/30,ZIM SAMMY OFFER,7-7 @ 00:00,CURT,,
M106387,"MT AIRY, NC",WHSU2703009 (20FT)- LFD 7-9,6/30,WAN HAI A03,7-8 @ 7:00,BRANDON,,
M106555,"STOCKBRIDGE, GA",SEGU5029623 (OW),7/3,MOL PROFIENCY,7-8 @ 9:00,RICKY,,
M106506,"LADSON, SC",OOCU7913996- (LFD: 7-11),7/3,MOL PROFIENCY,7-9 @ 10:00,RONALD,,
M106505,"IUKA, MS",FFAU1432059- LFD: 7-9,7/3,MOL PROFIENCY,7-9 @ 00:00,CURT,,
M106556,"STOCKBRIDGE, GA",CMAU7260236,7/3,MOL PROFIENCY,7-9 @ 9:00,MAC,,
M106617,"GREENVILLE, SC",OOCU7463219 (OW 40FT),7/2,EVER FORTUNE,7-9 @ 8:00,RICKY,,
M106623,"MONCKS CORNER, SC",CCLU5143480 (LFD: 7-11),7/2,EVER FORTUNE,7-10 @ 8:00,BOBS,,
M106514,"DULUTH, GA",UETU5960834 (LFD 7/15),7/8,BRIGHTON,7-10 @ 9:00,MAC,,
E106671,"SPARTANBURG, SC",BOOKING- 256456463,C/O 7-11,BSG BAHAMAS,7-10 @ 9:00,MP,,
M106540,"MT STERLING, KY",FFAU2647766 (40FT HAZ- LFD 7-6),6/30,AL SAFAT,7-7 @ 9:00,NILSON,,
M106622,"MONCKS CORNER, SC",CSNU4027925 (LFD: 7-11),7/2,EVER FORTUNE,7-10 @ 1:00,RONALD,,
M106693,"SPARTANBURG, SC",TLLU5189819 (LFD 7-10),7/7,MARIANNA ,7-11 @ 7:00,MAC,,
M106695,"DULUTH, GA",HAMU4460842 (LFD 7-15),7/7,YATIAN EXPRESS,7-11 @ 9:00,RICKY,,
M106670,"STOCKBRIDGE, GA",FFAU4456898,7/8,BRIGHTON,7-11 @ 9:00 ,BRANDON,,
M106510,"IUKA, MS",ONEU0527256- (LFD 7/13),7/8,BRIGHTON,7-11 @ 00:00,CURT,,
M106621,"MONCKS CORNER, SC",OOLU4441064 (LFD 7-11),7/2,EVER FORTUNE,7-11 @ 8:00 ,JEFF,,
M106620,"MONCKS CORNER, SC",OOCU4917658 (LFD 7-11),7/2,EVER FORTUNE,7-11 @ 11:00,RONALD,,
M106619,"MONCKS CORNER, SC",OOLU7956973 (LFD 7-11),7/2,EVER FORTUNE,7-14 @ 10:00,RICKY,,
M106713,"MYRTLE BEACH, SC",GCXU6360389- DROPPED ON YARD,7/8,BRIGHTON,7-14 @ 8:30,BOBS,,
M106669,"STOCKBRIDGE, GA",APHU7209107,7/8,BRIGHTON,7-14 @ 9:00,BRANDON,,
M106694,"SPARTANBURG, SC",MSMU5017466 (LFD 7-10),7/7,MARIANNA ,7-14 @ 10:00,MAC,,
M106618,"MONCKS CORNER, SC",RFCU4105073 (LFD 7-11),7/2,EVER FORTUNE,7-14 @ 1:00 ,BOBS,,
M106718,"NORCROSS,GA ",FANU1884520 (LFD 7-11),7/7,YATIAN EXPRESS,7/15 @ 9:00,RICKY,,
M106716,"NORCROSS,GA ",FFAU2651977 (LFD 7-11),7/7,YATIAN EXPRESS,7/15 @ 8:00,BRANDON,,
M106666,"SALISBURY, NC",HLBU1762052- **RETURNED**,7/5,NILEDUTCH LION,7-9 @ DROP 24/7,BRANDON,,
M106667,"SALISBURY, NC",HLBU1951441- **RETURNED**,7/5,NILEDUTCH LION,7-10 @ 24/7,RICKY,,
M106668,"SALISBURY, NC",HLBU2540867- **RETURNED**,7/5,NILEDUTCH LION,7-10 @ 24/7,BRANDON,,
M106667,"SALISBURY, NC",HLBU1951441- **BOBTAIL TO GET EMPTY**,7/5,NILEDUTCH LION,"Saturday, 7-12",BRANDON,,
M106714,"NORCROSS,GA ",TGBU5910647 (LFD 7-11),7/7,YATIAN EXPRESS,7/15 @ 7:00,MP,,
M106715,"NORCROSS,GA ",SEKU1076133 (LFD 7-11),7/7,YATIAN EXPRESS,7/15 @ 7:30,MP,,
M106717,"NORCROSS,GA ",HAMU2048034 (LFD 7-11),7/7,YATIAN EXPRESS,7/15 @8:30,MAC,,
E106748,"SPARTANBURG, SC",BOOKING- 20602411,C/O: 7/18,SUAPE EXPRESS,7-16 @ 9:00,BRANDON,,
M106712,"ROME, GA",OOLU9843940 - (LFD 7/15),7/8,BRIGHTON,7-16 @ 00:00 ,MAC,,
M106513,"ATLANTA, GA",OOCU8070540 (LFD 7/15),7/8,BRIGHTON,7-16 @ 11:00,RICKY,,
E106785,"SPARTANBURG, SC",BOOKING- EBKG13502716 (GDE173150),ERD 7-17,MSC KURE,7-17 @ 8:00,BRANDON,,
"M106721
","DENVER, NC",ZCSU6020149- **(LFD 7/15)**,7/12,ZIM PEARL,7-16 @ PENDING,CURT,,
M106511,"IUKA,MS",TRHU4611250- (LFD 7/13),7/8,BRIGHTON,7-14 @ 00:00,CURT,,
E106786,"SPARTANBURG, SC",BOOKING- EBKG13502716 (GDE173152),ERD 7-17,MSC KURE,7-17 @ 9:00,BOBBY,,
M106668,"SALISBURY, NC",HLBU2540867- **BOBTAIL TO GET EMPTY**,7/5,NILEDUTCH LION,"Saturday, 7-12",MARKONY,,
E106787,"SPARTANBURG, SC",BOOKING- EBKG13502716 (GDE173153),ERD 7-17,MSC KURE,7-17 @ 10:00,RICKY,,
M106728,"DULUTH, GA (DOBLA)",HLBU9579639 (40 REFER),7/15,NINGBO EXPRESS,7-17 @ 9:00,CURT,,
M106729,"DULUTH, GA (DOBLA)",HLBU9592950 (40 REFER),7/15,NINGBO EXPRESS,7-18 @ 9:00,BRANDON,,
M106730,"DULUTH, GA (DOBLA)",HLBU9865226 (40 REFER),7/15,NINGBO EXPRESS,7-18 @ 11:00,CURT,,
M106724,"GREENVILLE, SC",HAMU4170400,7/15,NINGBO EXPRESS,7-18 @ 7:00,MAC,,
M106784,"WINSTON SALEM, NC",HAMU1818969,7/15,NINGBO EXPRESS,7-18 @ 00:00,RICKY,,
M106731,"DULUTH, GA (DOBLA)",HLBU9390141 (40 REFER),7/15,NINGBO EXPRESS,7-21 @ 9:00,BRANDON,,
E106788,"SPARTANBURG, SC",BOOKING- EBKG13502716 (GDE173154),C/O: 7-24,MSC KURE,7-21 @ 8:00,MAC,,
M106223,"FYFFE, AL",ONEU1940813 - SCALE! (ON YARD),7/12,ONE MACKINAC ,7-21 @ 00:00,RICKY,,
M106732,"DULUTH, GA (DOBLA)",HLBU6128544 (40 REFER) ,7/15,NINGBO EXPRESS,7-21 @ 11:00,CURT,,
M106541,"DULUTH, GA",FFAU6463221,7/19,ARGUS,7-22 @ 9:00,MAC,,
M106734,"HICKORY, NC",TGBU7967702 (LFD 7-21),7/15,CAPE ANDREAS,7-22 @ 7:30,CURT,,
M106725,"NORTH CHARLESTON, SC",YMMU6762295,7/19,ARGUS,7-23 @ 9:00,BOBS,,
M106726,"NORTH CHARLESTON, SC",SEGU6764670,7/19,ARGUS,7-23 @ 11:00,BOBS,,
M106733,"ATLANTA, GA",SEGU5166035,7/19,ARGUS,7-23 @ 11:00,RICKY,,
M106766,"MT AIRY, NC",ONEU3098200,7/21,ONE MUNCHIN,7-24 @ 00:00,CLARDY,,
M106727,"MYRTLE BEACH, SC",TCNU3657972 (LFD 7-27),7/19,ARGUS,7-25 @ 8:30,BOBS,,
M106388,"MT AIRY, NC",WHSU2520625 (LFD 7-24),7/17,WAN HAI A15,7-22 @ 00:00,BRANDON,,
M106789,"GREENVILLE, SC",CMAU7142280 (40FT OW),7/19,APL CALIFORNIA,7-24 @ 8:00,PARLA,,
E106762,"SPARTANBURG, SC",BOOKING: 255569664 (GDE172097),C/O 7-25,SEASPAN SIAGON,7-23 @ 7:00,BRANDON,,
E106761,"SPARTANBURG, SC",BOOKING: 255569664 (GDE172101),C/O 7-25,SEASPAN SIAGON,7-23 @ 8:00,MAC,,
E106760,"SPARTANBURG, SC",BOOKING: 255569664 (GDE172102),C/O 7-25,SEASPAN SIAGON,7-23 @ 9:00,CURT,,
E106758,"SPARTANBURG, SC",BOOKING: 255569664 (GDE172105),C/O 7-25,SEASPAN SIAGON,7-24 @ 8:00,BRANDON,,
E106757,"SPARTANBURG, SC",BOOKING: 255569664 (GDE172106),C/O 7-25,SEASPAN SIAGON,7-24 @ 9:00,CURTIS,,
E106756,"SPARTANBURG, SC",BOOKING: 255569664 (GDE172107),C/O 7-25,SEASPAN SIAGON,7-24 @ 10:00,MAC,,
E106755,"SPARTANBURG, SC",BOOKING: 255569664 (GDE172108),C/O 7-25,SEASPAN SIAGON,7-24 @ 11:00,RICKY,,
E106754,"SPARTANBURG, SC",BOOKING: 255569664 (GDE172109),C/O 7-25,SEASPAN SIAGON,7-25 @ 7:00,BRANDON,,
E106753,"SPARTANBURG, SC",BOOKING: 255569664 (GDE172110),C/O 7-25,SEASPAN SIAGON,7-25 @ 8:00,RICKY,,
E106752,"SPARTANBURG, SC",BOOKING: 255569664 (GDE17211),C/O 7-25,SEASPAN SIAGON,7-25 @ 9:00,CURTIS,,
E106751,"SPARTANBURG, SC",BOOKING: 255569664 (GDE172112),C/O 7-25,SEASPAN SIAGON,7-24 @ 10:00,MP,,
E106759,"SPARTANBURG, SC",BOOKING: 255569664 (GDE172104),C/O 7-25,SEASPAN SIAGON,7-23 @ 10:00,PARLA,,
M106827,"MONCKS CORNER, SC",FXLU2255218 (20FT),7/27,ZIM MT BLANC,7-29 @10:00,BOBS,,
M106738,"DULUTH, GA",HLBU6095517 (40 REFER) HOT! ,7/23,SUAPE EXPRESS,7-28 @ 8:00,CURTIS,,
M106380,"MT AIRY, NC",EMCU6361353- HOT!,7/22,OOCL DAFFODIL,7-28 @ 7:00,BRANDON,,
M106737,"DULUTH, GA",HLBU9943714 (40 REFER),7/23,SUAPE EXPRESS,7-28 @ 10:00,RICKY,,
M106835,"GOLDSBORO, NC",WHSU6732725,7/26,WAN HAI A013,7-29 @ 9:00,BRANDON,,
E106865,"LYMAN, SC",BOOKING: 2763323380 ,TBA,CMA WASHINGTON, 7-29 @ 1:00 ,CURT,,
M106836,"GOLDSBORO, NC",WHSU6764717,7/26,WAN HAI A013,7-29 @ 11:00,RICKY,,
E106925,"SPARTANBURG, SC",BOOKING- 257483742 (20FT),TBA,BSG BAHAMAS,7-30@ 8:00,BRANDON,Billed,
M106826,"MONCKS CORNER, SC",TGHU5053633,7/27,ZIM MT BLANC,7-29 @12:00,RON,Billed,
M106822,"DULUTH, GA",HLBU6130238 (40RF),7/28,KIEL EXPRESS,7-30 @ 8:00,MAC,,
M106821,"ATLANTA, GA",HLBU9497192 (40RF),7/28,KIEL EXPRESS,7-30 @9:00 ,CURT,,
M106901,"GREENVILLE, SC",TXGU7400305,7/28,EVER FAIR,7-30: P/R,RICKY,,
M106900,"ARDEN, NC",HMMU7057522,7/29,ONE OWL,7-31 @ 1:00,MAC,,
M106851,"STOCKBRIDGE, GA",CMAU7115259,7/30,ONE TRITON,8-1 @ 9:00,MAC,,
M106741,"IUKA, MS ",FFAU1473016- HOT!,7/30,ONE TRITON,8-1 @ 00:00,BRANDON,,
M106742,"IUKA, MS ",ONEU5017471- HOT!,7/30,ONE TRITON,8-1 @ 00:00,CURT,,
M106743,"IUKA, MS ",KKFU8009701,7/30,ONE TRITON,8-1 @ 00:00,RICKY,,
M106823,"SPART> HIGH POINT, NC",ZCSU7485243- ON AIM YARD,7/18,ZIM BANGKOK,8-4 @ 10:00,BRANDON,,
M106838,"GOLDSBORO, NC",TCLU4262305 - LFD 8-3,7/29,ONE OWL,8-4 @ 11:00,RICKY,,
M106740,"WATKINSVILLE, GA",EMCU8442562 - LFD 8/6,7/30,ONE TRITON,8-4 @ 9:00,CURT,,
M106879,"HICKORY, NC",ONEU1143759- LFD 8-4,7/31,ONE MISSION,8-5 @ 7:30,BRANDON,,
M106765,"LADSON, SC",FCIU9385048,7/30,ONE TRITON,8-5 @ 10:00,LOCAL,,
M106970,"ARDEN, NC",HMMU6863185- ON AIM YARD,7/22,ONE STORK,8-5 @ 8:00,CURT,,
M106744,"IUKA, MS ",TRHU4991057,7/30,ONE TRITON,8-1 @ 00:00,MARKONY,,
M106954,"WESTMINISTER, SC",GLDU5242991 (20FT HAZ),7/30,ONE TRITON,8-5 @ 7:00-3:00,RICKY,,
M106837,"GOLDSBORO, NC",KKFU1817061 - LFD 8-3,7/29,ONE OWL,8-4 @ 9:00,MARKONY,,
M106955,"DENVER, NC",ZCSU6028197,8/3,ZIM GEMINI,8-6 @ 10:00 ,CURT,,
M106833,"CHARLOTTE, NC",FCIU6630096 (20FT OW/**HAZ**)- LFD 8/7,7/30,ONE TRITON,8-6 @ 1:00,RICKY,,
 M106517,"MT. AIRY, NC",CAIU6878280- LFD 8-6,8-1,ZIM MT FUJI,8-6 @ 7:00- 4:00,BRANDON,,
M106946,"ST. GEORGE, SC",HLBU8214770- ON AIM YARD,7/31,MAERSK MEMPHIS,8-6 @ 9:00,BOBS,,
M106945,"ST. GEORGE, SC",MRKU0084411 - ON AIM YARD,7/30,CORNELIA MAERSK,8-6 @ 11:00,RONALD,,
M106944,"ST. GEORGE, SC",MRKU0453530 - ON AIM YARD,7/30,CORNELIA MAERSK,8-7 @ 8:00,JEFF,,
M106943,"ST. GEORGE, SC",MRKU1081314 - ON AIM YARD,7/30,CORNELIA MAERSK,8-7 @ 10:00,RONALD,,
M106735,"STOCKBRIDGE, GA",BMOU6710090 ,7/19,ARGUS,8-7 @ 9:00,MAC,,
M106834,"GOLDSBORO, NC",BEAU5382916,8/2,ONE EAGLE,8-7 @ 11:00,RICKY,,
E106951,"RICEBORO, GA",BKG: 35418923 - ERD 8/1,C/O 8-8,LAUST MAERSK,8-6 @ 8:00,MAC,GDE,
M106973,"LOUISVILLE, MS",DFSU7530161,7/30,ONE TRITON,8-7 @ 00:00,BRANDON,,
M106739,"ATHENS, GA",MSKU7267782 (20FT),7/25,MAERSK SAGOON,8-8 @ 00:00,CURT,,
M107040,"MORRESVILLE,NC",SELU4077125 ,8/7,PORTO GERMONO,8-8 @ P/R,RICKY,,
M107041,"MORRESVILLE,NC",UETU6541576 ,8/7,PORTO GERMONO,8-11 @ 8:00-9:00,MAC,,
M107042,"MORRESVILLE,NC",MRKU3063916 ,8/7,PORTO GERMONO,8-11 @ 8:00-9:00,BRANDON,,
M107043,"GREENVILLE, SC",TCNU2280518 (40FT OW),8/7,EVER FAIR,8-11 @ 9:00,RICKY,,
M107057,"MT AIRY, NC",NYKU9769504 (20FT),8/9,ONE CYNGUS,8-12 @ 8:00,CURT,,
E107044,"LYMAN, SC",BOOKING- 76176313 ,C/O: TBA,SPIL KARTIKA,8-12 @ 11:00,MAC,,
M106979,"GOLDSBORO, NC",WHSU6421446,8/9,TUBUL,8-12 @ 11:00,RICKY,,
M106956,"ARDEN, NC",TLNU4201305- HOT HOT HOT,8/11,ZIM MT EVEREST,8-13 @ 8:00,MAC,,
M106957,"ARDEN, NC",ZIMU3186562 (20FT)- HOT HOT HOT,8/11,ZIM MT EVEREST,8-13 @ 8:00,BRANDON,,
M107047,"DULUTH, GA",UACU5881900 ,8/12,AL SAFAT,8-13 @ 9:00,CURT,,
M106518,"RUTHERFORD COLLEGE, NC",MRKU5324768 (LFD 8-7),8/1,MAERSK SELETAR,8-11 @ 8:00,NILSON,IFF,
M106942,"DULUTH, GA",HLBU1672961- HOT HOT HOT,8/12,AL SAFAT,8-13 @ 9:00,RICKY,IFF,
M107073,"ARDEN,NC",CAIU7493240,8/12,ONE COLUMBA,8-14 @ 8:00,BRANDON,,
M106938,"DULUTH, GA- DOBLA",HLBU9274183 - 40RF- GENSET,8/12,AL SAFAT,8-14 @ 9:00,MAC,IFF,
M106939,"DULUTH, GA- DOBLA",UAEU1241877 - 40RF- GENSET,8/12,AL SAFAT,8-14 @ 11:00,CURT,IFF,
M107046,"CHARLOTTE, NC",TGBU6205343,8/12,AL SAFAT,8-14 @ 1:00,RICKY,,
M107045,"SPARTANBURG, SC",  TGCU5300397,8/9,ONE CYGNUS,8-15 @ 7:00,MAC,,
M106797,"SALISBURY, NC",HLBU2696802- DROPPED ON 8-9-->EMPTY 8-12,8/2,TORRENTE,8-15 BOBTAIL PU,RICKY,,
M106972,"LOUISVILLE, MS",TXGU7840829- LFD 8/6,7/30,ONE TRITON,RGN TO MS,BENNETT,,
M106820,"IUKA, MS",TGCU0206670- DIVERTED FOR RELOAD! ,8/13,EVER SMILE,TBA,BRANDON,IFF,
E107070,"IUKA, MS",                  RELOAD BOOKING- RICFFE316400,C/O TBA,BRIGHTON,ERD 8-14,BRANDON,,
M106824,"SALISBURY, NC",HLBU1905641- DROPPED ON 8-12---> EMPTY 8-13,8/10,TUCAPEL,8-12- DROP/ 8-16 PU,MARKONY TRUCK,GDE,
M106819,"IUKA, MS",ONEU0387920,8/13,EVER SMILE,TBA,CURT,IFF,
M106967,"STOCKBRIDGE, GA",TCNU1716757,8/13,EVER SMILE,8-18@ 9:00,BRANDON,,
M106958,"GREENVILLE, SC (ATS)",FANU1008110- (LFD 8-16),8/12,AL SAFAT,8-18 @ 7:00,MARKONY,,
M106941,"ATLANTA, GA (M&W)",HAMU1838097- (LFD 8/20),8/12,AL SAFAT,8-18 @ 10:00,RICKY,IFF,
M106971,"MT, STERLING, KY",BMOU4419980- 40FT HAZ- (LFD 8-16),8/12,AL SAFAT,8-18 @ 9:00- DOCK 16,NILSON,,
M107081,"MOORESVILLE, NC",MRSU7696710,8/14,GSL MYNY ,8-19 @ 9:00,MAC,,
M106746,"HICKORY, NC",MSDU6763479 (LFD 8-18),8/14,MSC INIYA,8-19 @ 7:30,BRANDON,IFF,
M107080,"MOORESVILLE, NC",CAIU2396382- 20FT,8/14,GSL MYNY ,8-19 @ 8:00,CURT,,
M106960,"ATLANTA, GA (M&W)",CAAU5680980 (LFD 8-20),8/12,AL SAFAT,8-19 @ 10:00,MARKONY,,
E107078,"SPARTANBURG,SC ",BOOKING- EBKG13829892 ,C/O 8/22,MSC VIRNESSA,8-19 PR,RICKY,,
E107079,"SPARTANBURG,SC ",BOOKING- EBKG13829892 (MSDU6763479),C/O 8/22,MSC VIRNESSA,8-20 @ 10:00,MAC,,
M106745,"HICKORY, NC",TCLU9549751,8/16,ONE MANHATTAN,8-20 @ 7:30,CURT,IFF,
M106882,"NORTH CHARLESTON, SC",YMLU8639619 (LFD 8-20),8/13,EVER SMILE,8-20 @ 10:00,MARKONY,,
M106747,"MT. AIRY, NC",WHSU2705399 (OW 20FT - LFD 8-21),8/13,CORCOVADO,8-20 @ 00:00,BRANDON,SFI,
E107124,"GREENSBORO, NC",BOOKING- 22405880- (20FT),C/O 8/22,NINGBO EXPRESS,8-20 @ 1pm,RICKY,,
M107072,"DULUTH, GA",HLBU9950950- HOT LIKE FIRE! REFER,8/19,YATIAN EXPRESS,8-21 @ 9:00,CURTIS,,
E107168,"SPARTANBURG, SC",BOOKING 258301152 (PU: 172830) GDE175922 ,CO TBA,MAERSK MONTE ALEGRE,8-22 @ 7:00,BRANDON,,
E107167,"SPARTANBURG, SC",BOOKING 258301152 (PU: 172830) GDE175926,CO TBA,MAERSK MONTE ALEGRE,8-22 @ 8:00,MARKONY,,
E107166,"SPARTANBURG, SC",BOOKING 258301152 (PU: 172830) GDE175927,CO TBA,MAERSK MONTE ALEGRE,8-22 @ 9:00,CURT,,
M107074,"DULUTH, GA",FCIU7490912,8/19,YATIAN EXPRESS,8-22 @ 9:00,MAC,,
E107165,"SPARTANBURG, SC",BOOKING 258301152 (PU: 172830) GDE175928,CO TBA,MAERSK MONTE ALEGRE,8-22 @ 11:00,RICKY,,
M107048,"LADSON, SC",FFAU6242302 LFD 8/28,8/20,MOL PROFIENCY,8-25 @ 10:00,MAC,,
M107101,"NORTH CHARLESTON, SC",YMMU6579983 LFD 8/27,8/20,MOL PROFIENCY,8-25 @ 9:00,RICKY,,
M106964,"IUKA, MS",NYKU5291741- HOT HOT HOT- LFD 8/25,8/20,MOL PROFIENCY,8-25 @ 00:00,MARKONY,,
E107193,"LADSON, SC",BOOKING- 37426707,C/O TBA,SUAPE EXPRESS,8-25 @ FOLLOW ,MAC,,
M107083,"NORTH CHARLESTON, SC",TXGU8196726- LFD 8/27,8/20,MOL PROFIENCY,8-25 @ 11:00 -1:00,RICKY,,
M106961,"SALISBURY, NC",HLBU2134889 *DROPPED AT OCEANS,8/17,SPIL KARTIKA,BOBTAIL 8-23 ,BRANDON,,
M106825,"SALISBURY, NC",HLBU1300183- ,8/10,TUCAPEL,8-16,MARKONY,GDE,
M106962,"SALISBURY, NC",HLBU2472187 *DROPPED AT OCEANS,8/17,SPIL KARTIKA,BOBTAIL 8-23 ,MARKONY,,
M106963,"IUKA, MS",NYKU0726230- HOT HOT HOT- LFD 8/25,8/20,MOL PROFIENCY,8-25 @ 00:00,CURT,,
M107086,"STOCKBRIDGE, GA",TGCU0096634,8/20,MOL PROFIENCY,8-26 @ 9:00,BRANDON,,
M107082,"WATKINSVILLE, NC",YMMU6209016- LIVE UNLOAD: LFD 8-27,8/20,MOL PROFIENCY,8-27 @ 8:00,MARK,,
M107087,"NORTH CHARLESTON, SC",YMLU8863531 - LFD 8/31 - EMAILED,8/24,BRIGHTON,8-27 @ 10AM,JEFF,,
M106852,"MT AIRY, NC",JXLU6388969,8/22,ZIM AMBER,8-27 @ 0800 - 1400,BRANDON,SFI,
M107139,"GOLDSBORO, NC",ONEU1250398 - *LFD 8/28* ,8/24,ONE WREN,8/27/2025 @ 1:00,RICKY,,
M106965,"GEORGETOWN, SC",TIIU2050427 - LFD 9/1,8/24,BRIGHTON,8-27 @ 00:00,RONALD ,,
E107164,"SPARTANBURG, SC",BOOKING 258301152 (PU: 172830) GDE175930,CO TBA,MAERSK MONTE ALEGRE,8-26 @ 10:00,Markony (7am),,
E107161,"SPARTANBURG, SC",BOOKING 258301152 (PU: 172830) GDE175933,CO TBA,MAERSK MONTE ALEGRE,8-26 @ 7:00,MAC (10am),,
E107163,"SPARTANBURG, SC",BOOKING 258301152 (PU: 172830) GDE175931,CO TBA,MAERSK MONTE ALEGRE,8-26 @ 11:00,Ricky,,
E107162,"SPARTANBURG, SC",BOOKING 258301152 (PU: 172830) GDE175932,CO TBA,MAERSK MONTE ALEGRE,8-27 @ 10:00,MAC,,
M106936,"IUKA, MS",ONEU5036321,8/24,BRIGHTON,8-27,CURTIS,,
M107140,"GOLDSBORO, NC",ONEU1170733 - *LFD 8/28* ,8/24,ONE WREN,8-28 @ 9AM,BRANDON,,
M107137,"GREENVILLE, SC",EISU8377808 - *LFD 8/29*,8/22,EVER FOND,8-28 @8am,RICKY,,
M107138,"BENNETTSVILLE,SC",YMMU1022022 (20FT),8/23,YM TARGET,8-28 @ 00:00,MAC,,
M106959,"ATLANTA, GA",CSLU6293450- *LFD 8/27*,8/20,MOL PROFIENCY,8-28 @ 9:00,MARK,,
M107090,"GREENVILLE,SC",FANU1925254,8/25,NINGBO EXPRESS,8-29 @ 7:00,BRANDON,,
M107089,"STOCKBRIDGE, GA",GCXU6080855 - LFD 8/28 ,8/24,BRIGHTON,8-29 @ 9:00,MARK,,
M107141,"GOLDSBORO, NC",TIIU5581140- HOT,8/26,CAUTIN,8-29 @ 9:00,EDWIN,,
M107171,"MT. STERLING, KY",HAMU4545929 (40FT HAZ)- LFD 8-29: SCALE! ,8/25,NINGBO EXPRESS,8-29 @ 9:00,CURT,,
M107142,"GOLDSBORO, NC",WHSU6342706- HOT,8/26,CAUTIN,9-2 @ 1:00 P/R,MARK,,
M106937,"IUKA, MS",FFAU1485779,8/24,BRIGHTON,8-28,NILSON,,
M107175,"LADSON, SC",CCLU7730511,8/30,ARGUS,9-3 @ 10:00,JEFF,,
M107174,"STOCKBRIDGE, GA",TGHU5220730,8/30,ARGUS,9-3 @ 9:00,MAC,,
E107232,"RICEBORO, GA",BKG: 31216658 (GDE176241),C/O TBA,SEASPAN SAIGON ,9-3 @ 12:00,RICKY,,
E107233,"RICEBORO, GA",BKG: 31216658 (GDE176236),C/O 9-5,SEASPAN SAIGON ,9-3 @ 11:00,BOBS,,
M107092,"IUKA,MS",FFAU6309073,8/30,ARGUS,9-2 P/R,CURT,,
M107238,"SPARTANBURG, SC",JXJU3224512- 20FT,8/30,ZIM MT OLYMPUS,9-4 @ 8:00,MAC,,
M107239,"ARDEN, NC",ZIMU3164970- 20FT- LFD 9-5,8/30,ZIM MT OLYMPUS,9-4 @ P/R,BRANDON,,
M107091,"IUKA,MS",ONEU6218568,8/30,ARGUS,9-2 P/R,BRANDON,,
E107231,"RICEBORO, GA",BKG: 31216658 (GDE176821),C/O 9-5,SEASPAN SAIGON ,9-4 @ 11:00,MARKONY,,
M107102,"NORTH CHARLESTON, SC",EGHU8339415- LFD 9-6,8/30,ARGUS,9-4 @ 1PM,LOCAL AIM,,
M106940,ATLANTA GA,UETU7893720 - LFD 9-2,8/24, BRIGHTON,9-3 @ 10:00,MARK,IFF,
E107229,"RICEBORO, GA",BKG: 31216658 (GDE176823),C/O 9-5,SEASPAN SAIGON ,9-4 @ 12:00,RICKY,,
M107188,"CHARLOTTE, NC",SEGU3416979- 20FT,9/2,SUAPE EXPRESS,9-5 @ 8:00,BRANDON,,
E1072230,"RICEBORO, GA",BKG: 31216658 (GDE176822),C/O 9-5,SEASPAN SAIGON ,9-5 @ 7:00,CURTIS,,
M107173,"ATLANTA, GA",HLBU2173442- LFD 9-4,8/25,NINGBO EXPRESS,9-5 @ 10:00,MARKONY,,
M107226,"CHARLOTTE, NC",HAMU1870680- LFD 9-6 ,9/2,SUAPE EXPRESS,9-8 @ 8:00,BRANDON,,
M107227,"CHARLOTTE, NC",HAMU2089959- LFD 9-6 ,9/2,SUAPE EXPRESS,9-8 @ 10:00,CURTIS,,
M107334,LAVONIA GA,HASU5018230,9/8,CCNI ARAUCO ,9-9 @ 7:00,BRANDON,,
M107333,LAVONIA GA,MRKU7722992- 20FT,9/8,CCNI ARAUCO ,9-9 @ 7:00,MARKONY,,
M107313,"ARDEN, NC",ZCSU7450210- LFD 9-11,9/6,ZIM MOUNT ELEBRUS,9-9 @ 8:00,CURTIS,,
M107172,"ATLANTA, GA",SEKU6841889- LFD 9-10,9/2,SUAPE EXPRESS,9-8 @ 12:00,RICKY,,
M107177,"DULUTH, GA",    - 40FT REFER- LFD 9-5,9/2,SUAPE EXPRESS,9-8 @ 9:00,MAC,,
E107314,"COLUMBIA, SC",BOOKING- NAM7948546,C/O 9-12,CMA CGM POINTE-NOIRE,9-9 @ 8:30-11:00,BOBS,,
M107315,"CHARLOTTE, NC",FANU1199589,9/9,KIEL EXPRESS,9-10 @ 8:00,CURT,,
M107312,"ARDEN, NC",ZCSU6844729- LFD 9-11,9/6,ZIM MOUNT ELEBRUS,9-10 @ 10:00,MAC,,
M107176,"MORRISTOWN, TN",YMLU8958107- LFD 9-6,8/30,ARGUS,9-8 @ 8:00,NILSON,,
M107316,"CHARLOTTE, NC",HLBU1625949,9/9,KIEL EXPRESS,9-11 @ 8:00,MAC,,
M107340,"RICEBORO, GA",BOOKING- 29814234- GDE177812,C/O 9-12,BSG BAHAMAS,9-10 @ 9:00,BRANDON,,
M107341,"RICEBORO, GA",BOOKING- 29814234 - GDE177813,C/O 9-12,BSG BAHAMAS,9-10 @ 10:00,MARKONY,,
M107342,"RICEBORO, GA",BOOKING- 29814234 - GDE177814,C/O 9-12,BSG BAHAMAS,9-10 @ 12:00,RICKY,,
M107343,"RICEBORO, GA",BOOKING- 29814234 - GDE177815,C/O 9-12,BSG BAHAMAS,9-11 @ 8:00,BRANDON,,
M107344,"RICEBORO, GA",BOOKING- 29814234 - GDE177816,C/O 9-12,BSG BAHAMAS,9-11 @ 9:00,MARKONY,,
M107345,"RICEBORO, GA",BOOKING- 29814234 - GDE177817,C/O 9-12,BSG BAHAMAS,9-11 @ 10:00,RICKY,,
M107300,"CHARLOTTE, NC",CARU9639496,9/9,KIEL EXPRESS,9-12 @ 10:00,MARKONY,,
M107267,"IUKA, MS",FANU3007432,9/9,KIEL EXPRESS,9-11 0:00,CURT,,
M107260,"DULUTH, GA",HLBU9114009- 40 REFER- LFD 9-12,9/9,KIEL EXPRESS,9-12 @ 8:00,MAC,,
M107261,"DULUTH, GA",HLBU6107351- 40 REFER- LFD 9-12,9/9,KIEL EXPRESS,9-12 @ 10:00,RICKY,,
M107349,"BENNETTSVILLE, SC",CAAU8410783,9/2,SUAPE EXPRESS,9-12 @ 7:00-2:00,BOBS,,
M107262,"DULUTH, GA",HLBU9476435- 40 REFER- LFD 9-12,9/9,KIEL EXPRESS,9-15 @ 8:00,MAC,,
E107353,"HUDSON, NC",BOOKING- NAM7984669 (GDE178005),C/O TBA,OOCL EGYPT,9-15 @ 9AM,CURTIS,,
M107179,"SALISBURY, NC",HLBU2866848 NONE- DROPPED ON 9-12/ PU 9-16,9/8,NAGOYA EXPRESS,9-12 PM DROP,CURT,,
M107197,"SALISBURY, NC",HLBU1978910- NONE- DROPPED ON 9-12/ PU 9-16,9/8,NAGOYA EXPRESS,9-12 PM DROP,BRANDON/MAC,,
M107266,"ATLANTA, GA",HLBU2915752- LFD 9-17,9/9,KIEL EXPRESS,9-15 @ 10:00,RICKY,,
M107182,"IUKA, MS",ONEU0250475- LFD 9-16,9/11,ONE TRITON,9-16 @ 00:00 ,BRANDON,,
M107265,"LADSON, SC- BLG",OOCU7222464,9/11,ONE TRITON,9-17 @ 10:00,TISDALE,,
M107347,"GOLDSBORO, NC",ONEU0425763,9/14,ONE MILLAU ,9-17 @ 9:00,MAC,,
M107348,"GOLDSBORO, NC",ONEU5497220,9/14,ONE MILLAU ,9-17 @11:00,RICKY,,
E107351,"LADSON, SC- BLG",BOOKING- 34545978,C/O 9-19,AL SAFAT,9-17 to follow import,TISDALE,,
M107181,"IUKA, MS",TRHU7336423- LFD 9-16,9/11,ONE TRITON,9-16 @ 00:00,CURT,,
E107354,"HUDSON, NC",BOOKING- NAM7984669 (GDE178007),C/O 9-19,OOCL EGYPT,9-17 @ 9AM,MARKONY,,
M107195,"SALISBURY, NC",HLBU1765581- NONE- DROPPED 9-13 *READY*- PU ON 9-19,9/8,NAGOYA EXPRESS,SAT. 9-13 DROP,RICKY,,
M107290,"ATLANTA, GA",CAAU6700335- LFD 9-17 *PRE PULL*,9/9,KIEL EXPRESS,9-18 @ 3:00 PM,MARKONY,,
M107355,"SPARTANBURG, SC",DRYU2718263 - 20FT **LFD 9-20**,9/14,OOCL BANGKOK,9-19 @ 10:00,BRANDON,,
M107269,"VANCE, AL",EGSU9649492- LFD: 9-19,9/11,ONE TRITON,9-18 @ 1pm ,MAC,,
M107271,"VANCE, AL",EGSU1104623- LFD: 9-18,9/11,ONE TRITON,9-18 @8am,BRANDON,,
M107346,"GOLDSBORO, NC",ONEU1910336,9/14,ONE MILLAU ,9-19 @ 9:00,RICKY,,
M107199,"SALISBURY, NC",HLBU3333988- NONE- DROPPED 9-14/ PU 9-19,9/8,NAGOYA EXPRESS,BOBTAIL 9-19,MARKONY,,
M107200,"SALISBURY, NC",HLBU1926900- NONE-  DROPPED 9-15/ PU 9-19,9/8,NAGOYA EXPRESS,BOBTAIL 9-19,CURTIS,,
M107194,"SALISBURY, NC",HAMU1513445- NONE-  DROPPED 9-16/ PU 9-20,9/8,NAGOYA EXPRESS,BOBTAIL TO PU EMPTY,BRANDON,,
M107198,"SALISBURY, NC",HLBU1902299- NONE-  DROPPED 9-16/ PU 9-20,9/8,NAGOYA EXPRESS,BOBTAIL TO PU EMPTY,MARKONY,,
M107282,"SALISBURY, NC",HLBU3322237- NONE DROPPED 9-18/ PU 9-20,9/16,BREMEN EXPRESS,BOBTAIL TO PU EMPTY,RICKY,,
M107196,"SALISBURY, NC",HLBU2150806- NONE-  DROPPED 9-11/ PU 9-20,9/8,NAGOYA EXPRESS,BOBTAIL TO PU EMPTY,ECT,,
M107180,"SALISBURY, NC",HAMU3066726- NONE- DROPPED 9-13/ PU 9-24,9/8,NAGOYA EXPRESS, BOBTAIL TO PU EMPTY,ECT,,
M107284,"MOCKSVILLE, NC",HAMU2270479,9/18,AL MANAMAH,9-22 @ 7:00,MARKONY,,
M107318,"DULUTH, GA",HLBU9664936- 40 REFER,9/18,AL MANAMAH,9-22 @ 8:00,CURT,,
M107433,"SEBRING, FL",NYKU8517473- NTG BILLING?,9/11,ONE TRITON,9-18 @ 10:30, CURT,,
M107454,"ARDEN,NC",ZCSU7157373,9/19,ZIM SAMMY,9/23 9:00 AM,BRANDON,,
M107317,"DULUTH, GA",HLBU9615084- 40 REFER,9/18,AL MANAMAH,9-22 @ 10:00,MAC,,
M107395,"GOLDSBORO, NC",WHSU8076652 ,9/18,WAN HAI A09,9-23 @ 9:00,MARKONY,,
M107268,"VANCE, AL",EGSU9266030 *LFD 9-19*,9/11,ONE TRITON,9-22 @ 8:00,BRANDON,,
M107270,"VANCE, AL",FFAU2095899 *LFD 9-19*,9/11,ONE TRITON,9-22 @ 1:00,RICKY,,
E107453,"SPARTANBURG, SC",BOOKING- - EBKG14260509- OW 40FT,C/O 9-26,MSC BREMEN,9-24 @ 8:00,MARKONY,,
M107460,"NORTH CHARLESTON, SC",TCNU1858200,9/23,MOL PROFIENCY,9- 24 @ 10:00,BOBS,,
M107263,"NORTH CHARLESTON, SC",MRSU6127792,9/24,AL SAFAT,9-25 @ 10:00,RONALD,,
M107319,"DULUTH, GA",HLBU6115001- 40 REFER,9/18,AL MANAMAH,9-23 @ 8:00,CURT,,
M107394,"GOLDSBORO, NC",WHSU8470692,9/18,WAN HAI A08,9-23 @ 11:00,ECT,,
M107093,"MT AIRY, NC",ZIMU3076879- 20FT,9/19,ZIM SCORPIO,9-24 @ 00:00,BRANDON,,
M107358,"STOCKBRIDGE, GA",TCNU4014456,9/222,MOL PROFIENCY,9-25 @ 9:00,MAC,,
E107450,"STANLEY, NC (RESIDENTIAL)",DROPPED AT OCEANS: TEMU4000283,C/O TBA,BRIGHTON- CLOSED,DROP ON 9-19,CURTIS,,
M107293,"IUKA, MS",ONEU0455156,9/23,MOL PROFIENCY,9-24 / 9-25 00:00,CURT,,
M107357,"STOCKBRIDGE, GA",CAAU9908831,9/23,MOL PROFIENCY,9-26 @ 8:00,BRANDON,,
M107274,"VANCE, AL",CAAU8428648,9/18,AL MANAMAH,9-25 @ 9:00,MARKONY,,
M107404,"DULUTH, GA",HLBU6146070- LFD 9-27,9/24,AL SAFAT,9-26 @ 8:00,ECT,,
M107275,"VANCE, AL",TCLU8157231 ,9/18,AL MANAMAH,9-26 @ 9:00,MAC,,
M107350,"ATLANTA, GA",HAMU2530386- LFD 10-2,9/24,AL SAFAT,9-26 @ 9:00,MARKONY,,
M107273,"VANCE, AL",MRSU4939837,9/18,AL MANAMAH,9-26 @ 1:00,CURT,,
M107403,"IUKA, MS",UACU5913102- LFD 9-28,9/24,AL SAFAT,9-29 @ 00:00,MARKONY,,
M107356,"STOCKBRIDGE, GA",SEGU5342284,9/23,MOL PROFIENCY,9-29 @ 9:00,MAC,,
M107330,"VANCE, AL",SEGU4309450- LFD 9-30,9/23,MOL PROFIENCY,9-29 @ 9:00,BRANDON,,
M107406,"DULUTH, GA",HLBU9798540 LFD 9-27 *PRE PULL*,9/24,AL SAFAT,9-30 @ 8:00,MARKONY,,
M107409,"PAGELAND, SC",MRKU4541244- LFD 9-29,9/24,AL SAFAT,9-30 @ 00:00,BRANDON,,
M107407,"DULUTH, GA",HLBU9156956 LFD 9-27 *PRE PULL*,9/24,AL SAFAT,9-30 @ 12:00,MAC,,
M107410,"PAGELAND, SC",MSKU1707992- LFD 9-29,9/24,AL SAFAT,9-30 @ 00:00,RICKY,,
E107457,"SPARTANBURG, SC",BOOKING- EBKG14277606- ON YARD PENDING VESSEL,C/O 10-1,MSC DAMLA,9-29 @ 1:00,RICKY,,
M107506,"PINEVILLE, NC",MSDU7365171- LFD 9-29,9/23,MSC SOLA,10-1 @ 9:30,MARKONY,,
M107511,"ARDEN,NC",CRSU9072292 ,9/27,ZIM MT RAINER,10-1 @ 8:00,MAC,,
M107411,"PAGELAND, SC",MSKU1978232- LFD 9-29,9/24,AL SAFAT,10/1 @ 00:00,BRANDON,,
M107331,"VANCE, AL",GCXU6343720- LFD 9-30,9/23,MOL PROFIENCY,9-29 @ 11:00,ECT,,
M107405,"DULUTH, GA",HLBU9911933 LFD 9-27 *PRE PULL*,9/24,AL SAFAT,9-30 @ 10:00,ECT,,
M107458,"MANCHESTER, TN", BEAU4478680,9/23,MOL PROFIENCY,9-29 @ 00:00,NILSON,,
M107459,"MANCHESTER, TN",YMMU6814589,9/23,MOL PROFIENCY,9-29 @ 00:00,NILSON,,
M107402,"IUKA, MS",DFSU7101871- LFD 9-28,9/24,AL SAFAT,9-29 @ 00:00,CURT,,
M107412,"PAGELAND, SC",TCKU7183028- LFD 9-29,9/24,AL SAFAT,10/1 @ 00:00,RICKY,,
M107512,"ARDEN,NC",ZCSU8661440,9/27,ZIM MT RAINER,10-2 @ 8:00,MAC,,
M107417,"PAGELAND, SC",TCNU6396620- LFD 9-29- OW,9/24,AL SAFAT,10-2 @ 00:00,BRANDON,,
M107418,"PAGELAND, SC",TLLU5967284- LFD 9-29,9/24,AL SAFAT,10-2 @ 00:00,MARKONY,,
M107413,"PAGELAND, SC",TCNU5156115- LFD 9-29,9/24,AL SAFAT,10/1 @ 00:00,NILSON,,
M107414,"PAGELAND, SC",MRKU2936081- LFD 9-29,9/24,AL SAFAT,10/1 @ 00:00,NILSON,,
M107415,"PAGELAND, SC",MRKU5275473- LFD 9-29,9/24,AL SAFAT,10-2 @ 00:00,NILSON,,
M107143,"GOLDSBORO, NC",ONEU5021173,9/30,ONE AQUILA,10-2 @ 9:00,RICKY,,
M107474,"DULUTH, GA",HLBU9597843 - 40 REFER *LFD 10-4*- OW,10/1,YANTIAN EXPRESS,10- 3 @ 8:00,MARKONY,,
M107503,"BENNETTSVILLE, SC",MAEU3428345- 40FR,9/25,MAERSK SHIVLING,10-2 @ 9:00,CURT,,
M107416,"PAGELAND, SC",MRSU4539701- LFD 9-29,9/24,AL SAFAT,10-2 @ 00:00,NILSON,,
M107482,"IUKA, MS",HLBU2062285- LFD 10-5,10/1,YANTIAN EXPRESS,10- 6 @ 00:00,MARKONY,,
M107478,"DULUTH, GA",HLBU6143338- 40FT REFER *LFD 10-4*- OW,10/1,YANTIAN EXPRESS,10-6 @ 8:00,BRANDON,,
M107484,"NORTH CHARLESTON, SC",YMMU6613877- *LFD 10-12*,10/5,BRIGHTON,10-7,LOCAL AIM,,
M107483,"IUKA, MS",CAAU6975857- LFD 10-5,10/1,YANTIAN EXPRESS,10- 6 @ 00:00,CURT,,
M107485,"STOCKBRIDGE, GA",BMOU4349965,10/5,BRIGHTON,10-7 @ 9:00,MAC,,
"M107472","DULUTH, GA",HLBU6100927- 40 REFER *LFD 10-4*- OW,10/1,YANTIAN EXPRESS,10-7 @ 8:00,BRANDON,,
M107352,"NORTH CHARLESTON, SC",YMMU6826722- *LFD 10-12*,10/5,BRIGHTON,10-7,LOCAL AIM,,
M107481,"ATLANTA, GA",TCNU6745911 *LFD 10-9*- DIVERT!!!,10/1,YANTIAN EXPRESS,10-7 @ 9:00,MARKONY,,
M107322,"SALISBURY, NC",HLXU8164363 DROPPED 10-4/ EMPTY 10-6,10/1,TENO,SAT. 10-4 DROP,BRANDON,,
M107471,"DULUTH, GA",HLBU608418- 40 REFER *LFD 10-4* OW CITATION,10/1,YANTIAN EXPRESS,10-6 @ 10:00,RICKY,,
M107475,"DULUTH, GA",HLBU605175- 40 REFER *LFD 10-4*- OW,10/1,YANTIAN EXPRESS,10-7 @ 10:00,RICKY,,
M107408,"ATLANTA, GA",HAMU1156230 --DIVERT!!!,10/1,YANTIAN EXPRESS,10-8 @ 9:00,CURTIS,,
M107189,"HICKORY, NC",DRYU6035901,10/4,ONE MAXIM,10-8 @ 7:30 ,MARKONY,,
E107603,"GASTONIA, NC",BOOKING- EBKG14423049 ,C/O: 10-9,MSC LUDOVICA,10-8 @ 8:30,RICKY,,
M107476,"DULUTH, GA",HLBU9938174- 40FT REFER- OW,10/1,YANTIAN EXPRESS,10-8 @ 8:00,MAC,,
M107599,"HEATH SPRINGS, SC",CMAU9435246- *LFD 10-10*,10/5,BRIGHTON,10-8 @ 11:00 P/R,BOBBY,,
E107580,"SPARTANBURG, SC",BOOKING- 14598503- GDE179750,ERD: 10-7,SUAPE EXPRESS,10-8 @ 2:00,CURTIS,,
E107579,"SPARTANBURG, SC",BOOKING- 14598503- GDE179751,ERD: 10-7,SUAPE EXPRESS,10-9 @ 7:00,MARKONY,,
M107359,"VANCE, AL",TRHU7513642- *LFD 10-13*,10/5,BRIGHTON,10-9 @ 9:00,MAC,,
M107480,"ATLANTA, GA",HLBU3205056- *LFD 10-9*,10/1,YANTIAN EXPRESS,10-9 @14:00,RICKY,,
M107601,"LADSON, SC",CCLU7765014- *LFD 10-10*,10/5,BRIGHTON,10-10 @ 10:00,MAC,,
M107473,"ATLANTA, GA",HLBU9213357- 40 REFER- RETURN EMPTY MON 10-13,10/1,YANTIAN EXPRESS,10-10 @ 9:00,MARKONY,,
V,"ATLANTA, GA",HLBU9077970- 40 REFER- MAC RETURN MONDAY,10/1,YANTIAN EXPRESS,10-10 @ 11:00,CURTIS,,
M107486,"GREENVILLE, SC",FCIU9089703- LFD 10-13,10/9,NINGBO EXPRESS,10-13 @ 8:00,MARKONY,,
E107619,"LADSON,SC",EXPORT BOOKING: 17108425  ,C/O 10-14,SUAPE EXPRESS,10-13 @ 9:00,MAC,,
M107582,"ATLANTA, GA",UETU5796757 LFD 10-17- BOB PULL OUT FAVOR,10/9,NINGBO EXPRESS,10-13 @ 9:00,CURT,,
M107583,"DULUTH, GA",HLBU9393618- 40 REFER *LFD 10-13*,10/9,NINGBO EXPRESS,10-14 @ 8:00,MAC,,
M107578,"GREER, SC",EISU8498076- LFD 10-13,10/5,BRIGHTON,10-14 @ 8:00,MARKONY,,
M107608,"REIDSVILLE, NC",YMMU6059148 *LFD 10-12*,10/5,BRIGHTON,10-14 @ 9:00,RICKY,,
M107487,"SALISBURY, NC",HLBU1569911 DROPPED 10-9,10/5,TIRUA,10-9 @ DROP / 10-14 PU,BRANDON / BRANDON,,
M107489,"SALISBURY, NC",HLBU3382513 DROPPED 10-9,10/5,TIRUA,10-9 @ DROP / 10-14 PU,CURTIS / CURTIS,,
M107605,"SALISBURY, NC",HAMU4162874- DROPPED 10-8,10/5,TIRUA,10-8 @ DROP / 10-14 PU,BRANDON / BRANDON,,
M107577,"GREER, SC",EITU1799322- LFD 10-15,10/5,BRIGHTON,10-15 @ 8:00,RICKY,,
M107621,"ARDEN, NC",GAOU6899830- LFD 10-15,10/9,ZIM BANGKOK,10-15 @ 8:00,MAC,,
M107488,"SALISBURY, NC",HLXU8540481 DROPPED 10-10/ PU 10-15,10/5,TIRUA,10-10 @ DROP / 10-15 PU,BRANDON,,
"M107277","HICKORY, NC",HMMU6292300 - LFD 10/16,10/11,CAP ANDRES,10-15 @ 7:30AM,MARKONY,,
M107576,"GREER, SC",EMCU8273610 - LFD 10-15,10/5,BRIGHTON,10-15 @ 9:00,CURTIS,,
M107584,"NORTH CHARLESTON, SC",CAAU5339640 - LFD 10/18,10/12,ARGUS,10-16,RONALD,,
M107620,"ARDEN, NC",ZCSU6512196- LFD 10/15,10/9,ZIM BANGKOK,10-16 @ 8:00 ,CURT,,
M107276,"HICKORY, NC",TGBU6331070 - LFD 10/16,10/11,CAP ANDRES,10-16 @ 7:30,MARKONY,,
M107490,"SALISBURY, NC",HLBU1155866 DROPPED 10-10,10/5,TIRUA,10-10 @ DROP/ 10-16 PU,BRANDON,,
M107587,"VANCE, AL",TCNU4946650 - LFD 10/18,10/12,ARGUS,10-16 @ 9:00,MAC,,
M107237,"RUTHERFORD COLLEGE, NC",CAIU4453305 - LFD 10/16,10/11,CAP ANDRES,10-17 @ 9AM,MARKONY,,
M107589,"VANCE, AL",YMMU6911260 - LFD 10/18,10/12,ARGUS,10-17 @ 9:00,CURT,,
AIM_B107721,"VANCE, AL",YMMU6653972 - LFD 10/18,10/12,ARGUS,10-16 @ 1:00,NILSON ,,
AIM_B107722,"VANCE, AL",BEAU5154984 - LFD 10/18,10/12,ARGUS,10-17 @ 1:00,NILSON,,
M107591,"GOLDSBORO, NC",ONEU5984152- LFD 10-21,10/16,ONE MILANO,10-20 @ 9:00,MARKONY,,
M107592,"GOLDSBORO, NC",ONEU5974344  LFD 10-21,10/16,ONE MILANO,10-20 @ 11:00,BRANDON,,
M107690,"SPARTANBURG, SC",MSDU6686639- LFD 10/21,10/15,MSC FLORINA,10-21 @ 7:00,BRANDON,,
B107725,"ATLANTA, GA",CAIU9645023- LFD 10/17,10/9,NINGBO EXPRESS,10-17 @ 11:00,ECT- KYLE,,
M107594,"GOLDSBORO, NC",ONEU2830739 LFD 10-21,10/16,ONE MILANO,10-21 @ 11:00,MARKONY,,
M107593,"GOLDSBORO, NC",ONEU5409092 LFD 10-21,10/16,ONE MILANO,10-21 @ 9:00,RICKY,,
M107623,"MURRELLS INLET, SC",WHSU0255749 -20FT,10/18,TEMPANOS,10-21 @ 11:00,MAC,,
M107691,"SPARTANBURG, SC",TLLU7901060- DIVERSION,10/15,MSC FLORINA,10-22 @ 7:00,CURT,,
M107695,"HEATH SPRINGS, SC",BEAU4116552,10/21,ONE TRITON,10-22 @ 8:00,BRANDON,,
M107228,"ATHENS, GA",MRKU0684015- LFD 10-23,10/22,MSC LISA,10-22 @ 9:00,MAC,,
M107696,"UNION, SC",CSNU6352992,10/21,ONE TRITON,10-23 @ 00:00,RICKY,,